id,mass,massupper,masslower,width,widthupper,widthlower,i,g,p,c,anti,charge,rank,status,name,quarks,latex,pythia
1,4.67,0.5,0.2,-1.0,-1.0,-1.0,1/2,5,1,5,1.0,-1/3,0.0,0.0,d,d,d,False
-1,4.67,0.5,0.2,-1.0,-1.0,-1.0,1/2,5,1,5,1.0,1/3,0.0,0.0,d~,D,\overline{d},False
2,2.16,0.5,0.3,-1.0,-1.0,-1.0,1/2,5,1,5,1.0,2/3,0.0,0.0,u,u,u,False
-2,2.16,0.5,0.3,-1.0,-1.0,-1.0,1/2,5,1,5,1.0,-2/3,0.0,0.0,u~,U,\overline{u},False
3,93.0,11.0,5.0,-1.0,-1.0,-1.0,0,5,1,5,1.0,-1/3,0.0,0.0,s,s,s,False
-3,93.0,11.0,5.0,-1.0,-1.0,-1.0,0,5,1,5,1.0,1/3,0.0,0.0,s~,S,\overline{s},False
4,1270.0,20.0,20.0,-1.0,-1.0,-1.0,0,5,1,5,1.0,2/3,0.0,0.0,c,c,c,False
-4,1270.0,20.0,20.0,-1.0,-1.0,-1.0,0,5,1,5,1.0,-2/3,0.0,0.0,c~,C,\overline{c},False
5,4180.0,30.0,20.0,-1.0,-1.0,-1.0,0,5,1,5,1.0,-1/3,0.0,0.0,b,b,b,False
-5,4180.0,30.0,20.0,-1.0,-1.0,-1.0,0,5,1,5,1.0,1/3,0.0,0.0,b~,B,\overline{b},False
6,172500.0,700.0,700.0,1420.0,190.0,150.0,0,5,1,5,1.0,2/3,0.0,0.0,t,t,t,False
-6,172500.0,700.0,700.0,1420.0,190.0,150.0,0,5,1,5,1.0,-2/3,0.0,0.0,t~,T,\overline{t},False
11,0.5109989461,3.1e-09,3.1e-09,0.0,0.0,0.0,0,5,5,5,2.0,-1,0.0,0.0,e-,?,e^{-},False
-11,0.5109989461,3.1e-09,3.1e-09,0.0,0.0,0.0,0,5,5,5,2.0,1,0.0,0.0,e+,?,e^{+},False
12,-1.0,-1.0,-1.0,0.0,0.0,0.0,0,5,5,5,1.0,0,0.0,1.0,nu(e),?,\nu_{e},False
-12,-1.0,-1.0,-1.0,0.0,0.0,0.0,0,5,5,5,1.0,0,0.0,1.0,nu(e)~,?,\overline{\nu}_{e},False
13,105.6583745,2.4e-06,2.4e-06,2.9959837e-16,3e-22,3e-22,0,5,5,5,2.0,-1,0.0,0.0,mu-,?,\mu^{-},False
-13,105.6583745,2.4e-06,2.4e-06,2.9959837e-16,3e-22,3e-22,0,5,5,5,2.0,1,0.0,0.0,mu+,?,\mu^{+},False
14,-1.0,-1.0,-1.0,0.0,0.0,0.0,0,5,5,5,1.0,0,0.0,1.0,nu(mu),?,\nu_{\mu},False
-14,-1.0,-1.0,-1.0,0.0,0.0,0.0,0,5,5,5,1.0,0,0.0,1.0,nu(mu)~,?,\overline{\nu}_{\mu},False
15,1776.86,0.12,0.12,2.267e-09,4e-12,4e-12,0,5,5,5,2.0,-1,0.0,0.0,tau-,?,\tau^{-},False
-15,1776.86,0.12,0.12,2.267e-09,4e-12,4e-12,0,5,5,5,2.0,1,0.0,0.0,tau+,?,\tau^{+},False
16,-1.0,-1.0,-1.0,0.0,0.0,0.0,0,5,5,5,1.0,0,0.0,1.0,nu(tau),?,\nu_{\tau},False
-16,-1.0,-1.0,-1.0,0.0,0.0,0.0,0,5,5,5,1.0,0,0.0,1.0,nu(tau)~,?,\overline{\nu}_{\tau},False
17,-1.0,-1.0,-1.0,-1.0,-1.0,-1.0,0,5,5,5,2.0,-1,0.0,4.0,tau'-,?,\tau^{\prime-},False
-17,-1.0,-1.0,-1.0,-1.0,-1.0,-1.0,0,5,5,5,2.0,1,0.0,4.0,tau'+,?,\tau^{\prime+},False
18,-1.0,-1.0,-1.0,-1.0,-1.0,-1.0,0,5,5,5,1.0,0,0.0,4.0,nu(tau'),?,\nu_{\tau^{\prime}},False
-18,-1.0,-1.0,-1.0,-1.0,-1.0,-1.0,0,5,5,5,1.0,0,0.0,4.0,nu(tau')~,?,\overline{\nu}_{\tau^{\prime}},False
21,0.0,0.0,0.0,0.0,0.0,0.0,0,5,-1,5,0.0,0,0.0,0.0,g,?,g,False
22,0.0,0.0,0.0,0.0,0.0,0.0,0,5,-1,-1,0.0,0,0.0,0.0,gamma,?,\gamma,False
23,91187.6,2.1,2.1,2495.2,2.3,2.3,0,5,5,5,0.0,0,0.0,0.0,Z0,?,Z^{0},False
24,80379.0,12.0,12.0,2080.0,40.0,40.0,0,5,5,5,2.0,1,0.0,0.0,W+,?,W^{+},False
-24,80379.0,12.0,12.0,2080.0,40.0,40.0,0,5,5,5,2.0,-1,0.0,0.0,W-,?,W^{-},False
25,125250.0,170.0,170.0,3.2,2.8,2.2,0,5,5,5,0.0,0,0.0,0.0,H0,?,H^{0},False
111,134.9768,0.0005,0.0005,7.81e-06,1.2e-07,1.2e-07,1,-1,-1,1,0.0,0,0.0,0.0,pi0,(uU-dD)/sqrt(2),\pi^{0},False
113,775.26,0.23,0.23,149.1,0.8,0.8,1,1,-1,-1,0.0,0,0.0,0.0,rho(770)0,(uU-dD)/sqrt(2),\rho(770)^{0},False
115,1318.2,0.6,0.6,107.0,5.0,5.0,1,-1,1,1,0.0,0,0.0,0.0,a(2)(1320)0,(uU-dD)/sqrt(2),a_{2}(1320)^{0},False
117,1688.8,2.1,2.1,161.0,10.0,10.0,1,1,-1,-1,0.0,0,0.0,0.0,rho(3)(1690)0,(uU-dD)/sqrt(2),\rho_{3}(1690)^{0},False
119,1967.0,16.0,16.0,324.0,15.0,18.0,1,-1,1,1,0.0,0,0.0,0.0,a(4)(1970)0,(uU-dD)/sqrt(2),a_{4}(1970)^{0},False
130,497.611,0.013,0.013,1.287e-14,5e-17,5e-17,1/2,5,-1,5,0.0,0,0.0,0.0,K(L)0,p(dS)-q(Ds),K_{L}^{0},False
211,139.57039,0.00018,0.00018,2.5284e-14,5e-18,5e-18,1,-1,-1,5,2.0,1,0.0,0.0,pi+,uD,\pi^{+},False
-211,139.57039,0.00018,0.00018,2.5284e-14,5e-18,5e-18,1,-1,-1,5,2.0,-1,0.0,0.0,pi-,Ud,\pi^{-},False
213,775.26,0.23,0.23,149.1,0.8,0.8,1,1,-1,5,2.0,1,0.0,0.0,rho(770)+,uD,\rho(770)^{+},False
-213,775.26,0.23,0.23,149.1,0.8,0.8,1,1,-1,5,2.0,-1,0.0,0.0,rho(770)-,Ud,\rho(770)^{-},False
215,1318.2,0.6,0.6,107.0,5.0,5.0,1,-1,1,5,2.0,1,0.0,0.0,a(2)(1320)+,uD,a_{2}(1320)^{+},False
-215,1318.2,0.6,0.6,107.0,5.0,5.0,1,-1,1,5,2.0,-1,0.0,0.0,a(2)(1320)-,Ud,a_{2}(1320)^{-},False
217,1688.8,2.1,2.1,161.0,10.0,10.0,1,1,-1,5,2.0,1,0.0,0.0,rho(3)(1690)+,uD,\rho_{3}(1690)^{+},False
-217,1688.8,2.1,2.1,161.0,10.0,10.0,1,1,-1,5,2.0,-1,0.0,0.0,rho(3)(1690)-,Ud,\rho_{3}(1690)^{-},False
219,1967.0,16.0,16.0,324.0,15.0,18.0,1,-1,1,5,2.0,1,0.0,0.0,a(4)(1970)+,uD,a_{4}(1970)^{+},False
-219,1967.0,16.0,16.0,324.0,15.0,18.0,1,-1,1,5,2.0,-1,0.0,0.0,a(4)(1970)-,Ud,a_{4}(1970)^{-},False
221,547.862,0.017,0.017,0.00131,5e-05,5e-05,0,1,-1,1,0.0,0,0.0,0.0,eta,x(uU+dD)+y(sS),\eta,False
223,782.66,0.13,0.13,8.68,0.13,0.13,0,-1,-1,-1,0.0,0,0.0,0.0,omega(782),x(uU+dD)+y(sS),\omega(782),False
225,1275.5,0.8,0.8,186.7,2.2,2.5,0,1,1,1,0.0,0,0.0,0.0,f(2)(1270),x(uU+dD)+y(sS),f_{2}(1270),False
227,1667.0,4.0,4.0,168.0,10.0,10.0,0,-1,-1,-1,0.0,0,0.0,0.0,omega(3)(1670),x(uU+dD)+y(sS),\omega_{3}(1670),False
229,2018.0,11.0,11.0,237.0,18.0,18.0,0,1,1,1,0.0,0,0.0,0.0,f(4)(2050),x(uU+dD)+y(sS),f_{4}(2050),False
310,497.611,0.013,0.013,7.3508e-12,2.9e-15,2.9e-15,1/2,5,-1,5,0.0,0,0.0,0.0,K(S)0,p(dS)+q(Ds),K_{S}^{0},False
311,497.611,0.013,0.013,-1.0,-1.0,-1.0,1/2,5,-1,5,1.0,0,0.0,0.0,K0,dS,K^{0},False
-311,497.611,0.013,0.013,-1.0,-1.0,-1.0,1/2,5,-1,5,1.0,0,0.0,0.0,K~0,Ds,\overline{K}^{0},False
313,895.55,0.2,0.2,47.3,0.5,0.5,1/2,5,-1,5,1.0,0,0.0,0.0,K*(892)0,dS,K^{*}(892)^{0},False
-313,895.55,0.2,0.2,47.3,0.5,0.5,1/2,5,-1,5,1.0,0,0.0,0.0,K*(892)~0,Ds,\overline{K}^{*}(892)^{0},False
315,1432.4,1.3,1.3,109.0,5.0,5.0,1/2,5,1,5,1.0,0,0.0,0.0,K(2)*(1430)0,dS,K_{2}^{*}(1430)^{0},False
-315,1432.4,1.3,1.3,109.0,5.0,5.0,1/2,5,1,5,1.0,0,0.0,0.0,K(2)*(1430)~0,Ds,\overline{K}_{2}^{*}(1430)^{0},False
317,1779.0,8.0,8.0,161.0,17.0,17.0,1/2,5,-1,5,1.0,0,0.0,0.0,K(3)*(1780)0,dS,K_{3}^{*}(1780)^{0},False
-317,1779.0,8.0,8.0,161.0,17.0,17.0,1/2,5,-1,5,1.0,0,0.0,0.0,K(3)*(1780)~0,Ds,\overline{K}_{3}^{*}(1780)^{0},False
319,2048.0,8.0,9.0,199.0,27.0,19.0,1/2,5,1,5,1.0,0,0.0,0.0,K(4)*(2045)0,dS,K_{4}^{*}(2045)^{0},False
-319,2048.0,8.0,9.0,199.0,27.0,19.0,1/2,5,1,5,1.0,0,0.0,0.0,K(4)*(2045)~0,Ds,\overline{K}_{4}^{*}(2045)^{0},False
321,493.677,0.016,0.016,5.317e-14,9e-17,9e-17,1/2,5,-1,5,2.0,1,0.0,0.0,K+,uS,K^{+},False
-321,493.677,0.016,0.016,5.317e-14,9e-17,9e-17,1/2,5,-1,5,2.0,-1,0.0,0.0,K-,Us,K^{-},False
323,895.5,0.8,0.8,46.2,1.3,1.3,1/2,5,-1,5,2.0,1,0.0,0.0,K*(892)+,uS,K^{*}(892)^{+},False
-323,895.5,0.8,0.8,46.2,1.3,1.3,1/2,5,-1,5,2.0,-1,0.0,0.0,K*(892)-,Us,K^{*}(892)^{-},False
325,1427.3,1.5,1.5,100.0,2.1,2.1,1/2,5,1,5,2.0,1,0.0,0.0,K(2)*(1430)+,uS,K_{2}^{*}(1430)^{+},False
-325,1427.3,1.5,1.5,100.0,2.1,2.1,1/2,5,1,5,2.0,-1,0.0,0.0,K(2)*(1430)-,Us,K_{2}^{*}(1430)^{-},False
327,1779.0,8.0,8.0,161.0,17.0,17.0,1/2,5,-1,5,2.0,1,0.0,0.0,K(3)*(1780)+,uS,K_{3}^{*}(1780)^{+},False
-327,1779.0,8.0,8.0,161.0,17.0,17.0,1/2,5,-1,5,2.0,-1,0.0,0.0,K(3)*(1780)-,Us,K_{3}^{*}(1780)^{-},False
329,2048.0,8.0,9.0,199.0,27.0,19.0,1/2,5,1,5,2.0,1,0.0,0.0,K(4)*(2045)+,uS,K_{4}^{*}(2045)^{+},False
-329,2048.0,8.0,9.0,199.0,27.0,19.0,1/2,5,1,5,2.0,-1,0.0,0.0,K(4)*(2045)-,Us,K_{4}^{*}(2045)^{-},False
331,957.78,0.06,0.06,0.188,0.006,0.006,0,1,-1,1,0.0,0,0.0,0.0,eta'(958),x(uU+dD)+y(sS),\eta^{\prime}(958),False
333,1019.461,0.016,0.016,4.249,0.013,0.013,0,-1,-1,-1,0.0,0,0.0,0.0,phi(1020),x(uU+dD)+y(sS),\phi(1020),False
335,1517.4,2.5,2.5,86.0,5.0,5.0,0,1,1,1,0.0,0,0.0,0.0,f(2)'(1525),x(uU+dD)+y(sS),f_{2}^{\prime}(1525),False
337,1854.0,7.0,7.0,87.0,28.0,23.0,0,-1,-1,-1,0.0,0,0.0,0.0,phi(3)(1850),x(uU+dD)+y(sS),\phi_{3}(1850),False
411,1869.66,0.05,0.05,6.33e-10,4e-12,4e-12,1/2,5,-1,5,2.0,1,0.0,0.0,D+,cD,D^{+},False
-411,1869.66,0.05,0.05,6.33e-10,4e-12,4e-12,1/2,5,-1,5,2.0,-1,0.0,0.0,D-,Cd,D^{-},False
413,2010.26,0.05,0.05,0.0834,0.0018,0.0018,1/2,5,-1,5,2.0,1,0.0,0.0,D*(2010)+,cD,D^{*}(2010)^{+},False
-413,2010.26,0.05,0.05,0.0834,0.0018,0.0018,1/2,5,-1,5,2.0,-1,0.0,0.0,D*(2010)-,Cd,D^{*}(2010)^{-},False
415,2461.1,0.7,0.8,47.3,0.8,0.8,1/2,5,1,5,2.0,1,0.0,0.0,D(2)*(2460)+,cD,D_{2}^{*}(2460)^{+},False
-415,2461.1,0.7,0.8,47.3,0.8,0.8,1/2,5,1,5,2.0,-1,0.0,0.0,D(2)*(2460)-,Cd,D_{2}^{*}(2460)^{-},False
421,1864.84,0.05,0.05,1.605e-09,6e-12,6e-12,1/2,5,-1,5,1.0,0,0.0,0.0,D0,cU,D^{0},False
-421,1864.84,0.05,0.05,1.605e-09,6e-12,6e-12,1/2,5,-1,5,1.0,0,0.0,0.0,D~0,Cu,\overline{D}^{0},False
423,2006.85,0.05,0.05,2.1,-1.0,-1.0,1/2,5,-1,5,1.0,0,0.0,0.0,D*(2007)0,cU,D^{*}(2007)^{0},False
-423,2006.85,0.05,0.05,2.1,-1.0,-1.0,1/2,5,-1,5,1.0,0,0.0,0.0,D*(2007)~0,Cu,\overline{D}^{*}(2007)^{0},False
425,2461.1,0.7,0.8,47.3,0.8,0.8,1/2,5,1,5,1.0,0,0.0,0.0,D(2)*(2460)0,cU,D_{2}^{*}(2460)^{0},False
-425,2461.1,0.7,0.8,47.3,0.8,0.8,1/2,5,1,5,1.0,0,0.0,0.0,D(2)*(2460)~0,Cu,\overline{D}_{2}^{*}(2460)^{0},False
431,1968.35,0.07,0.07,1.305e-09,1e-11,1e-11,0,5,-1,5,2.0,1,0.0,0.0,D(s)+,cS,D_{s}^{+},False
-431,1968.35,0.07,0.07,1.305e-09,1e-11,1e-11,0,5,-1,5,2.0,-1,0.0,0.0,D(s)-,Cs,D_{s}^{-},False
433,2112.2,0.4,0.4,-1.0,-1.0,-1.0,0,5,5,5,2.0,1,0.0,0.0,D(s)*+,cS,D_{s}^{*+},False
-433,2112.2,0.4,0.4,-1.0,-1.0,-1.0,0,5,5,5,2.0,-1,0.0,0.0,D(s)*-,Cs,D_{s}^{*-},False
435,2569.1,0.8,0.8,16.9,0.7,0.7,0,5,5,5,2.0,1,0.0,0.0,D(s2)*(2573)+,cS,D_{s2}^{*}(2573)^{+},False
-435,2569.1,0.8,0.8,16.9,0.7,0.7,0,5,5,5,2.0,-1,0.0,0.0,D(s2)*(2573)-,Cs,D_{s2}^{*}(2573)^{-},False
441,2983.9,0.4,0.4,32.0,0.7,0.7,0,1,-1,1,0.0,0,0.0,0.0,eta(c)(1S),cC,\eta_{c}(1S),False
443,3096.9,0.006,0.006,0.0926,0.0017,0.0017,0,-1,-1,-1,0.0,0,0.0,0.0,J/psi(1S),cC,J/\psi(1S),False
445,3556.17,0.07,0.07,1.97,0.09,0.09,0,1,1,1,0.0,0,0.0,0.0,chi(c2)(1P),cC,\chi_{c2}(1P),False
511,5279.65,0.12,0.12,4.333e-10,1.1e-12,1.1e-12,1/2,5,-1,5,1.0,0,0.0,0.0,B0,dB,B^{0},False
-511,5279.65,0.12,0.12,4.333e-10,1.1e-12,1.1e-12,1/2,5,-1,5,1.0,0,0.0,0.0,B~0,Db,\overline{B}^{0},False
513,5324.7,0.21,0.21,-1.0,-1.0,-1.0,1/2,5,-1,5,1.0,0,0.0,0.0,B*0,dB,B^{*0},False
-513,5324.7,0.21,0.21,-1.0,-1.0,-1.0,1/2,5,-1,5,1.0,0,0.0,0.0,B*~0,Db,\overline{B}^{*0},False
515,5739.5,0.7,0.7,24.2,1.7,1.7,1/2,5,1,5,1.0,0,3.0,0.0,B(2)*(5747)0,dB,B_{2}^{*}(5747)^{0},False
-515,5739.5,0.7,0.7,24.2,1.7,1.7,1/2,5,1,5,1.0,0,3.0,0.0,B(2)*(5747)~0,Db,\overline{B}_{2}^{*}(5747)^{0},False
521,5279.34,0.12,0.12,4.018e-10,1e-12,1e-12,1/2,5,-1,5,2.0,1,0.0,0.0,B+,uB,B^{+},False
-521,5279.34,0.12,0.12,4.018e-10,1e-12,1e-12,1/2,5,-1,5,2.0,-1,0.0,0.0,B-,Ub,B^{-},False
523,5324.7,0.21,0.21,-1.0,-1.0,-1.0,1/2,5,-1,5,2.0,1,0.0,0.0,B*+,uB,B^{*+},False
-523,5324.7,0.21,0.21,-1.0,-1.0,-1.0,1/2,5,-1,5,2.0,-1,0.0,0.0,B*-,Ub,B^{*-},False
525,5737.2,0.7,0.7,20.0,5.0,5.0,1/2,5,1,5,2.0,1,3.0,0.0,B(2)*(5747)+,uB,B_{2}^{*}(5747)^{+},False
-525,5737.2,0.7,0.7,20.0,5.0,5.0,1/2,5,1,5,2.0,-1,3.0,0.0,B(2)*(5747)-,Ub,B_{2}^{*}(5747)^{-},False
531,5366.88,0.14,0.14,4.342e-10,1.7e-12,1.7e-12,0,5,-1,5,1.0,0,0.0,0.0,B(s)0,sB,B_{s}^{0},False
-531,5366.88,0.14,0.14,4.342e-10,1.7e-12,1.7e-12,0,5,-1,5,1.0,0,0.0,0.0,B(s)~0,Sb,\overline{B}_{s}^{0},False
533,5415.4,1.8,1.5,-1.0,-1.0,-1.0,0,5,-1,5,1.0,0,0.0,0.0,B(s)*0,sB,B_{s}^{*0},False
-533,5415.4,1.8,1.5,-1.0,-1.0,-1.0,0,5,-1,5,1.0,0,0.0,0.0,B(s)*~0,Sb,\overline{B}_{s}^{*0},False
535,5839.86,0.12,0.12,1.49,0.27,0.27,1/2,5,1,5,1.0,0,3.0,0.0,B(s2)*(5840)0,sB,B_{s2}^{*}(5840)^{0},False
-535,5839.86,0.12,0.12,1.49,0.27,0.27,1/2,5,1,5,1.0,0,3.0,0.0,B(s2)*(5840)~0,Sb,\overline{B}_{s2}^{*}(5840)^{0},False
541,6274.47,0.32,0.32,1.291e-09,2.3e-11,2.3e-11,0,5,-1,5,2.0,1,0.0,0.0,B(c)+,cB,B_{c}^{+},False
-541,6274.47,0.32,0.32,1.291e-09,2.3e-11,2.3e-11,0,5,-1,5,2.0,-1,0.0,0.0,B(c)-,Cb,B_{c}^{-},False
553,9460.3,0.26,0.26,0.054,0.0013,0.0013,0,-1,-1,-1,0.0,0,0.0,0.0,Upsilon(1S),bB,\Upsilon(1S),False
555,9912.2,0.4,0.4,-1.0,-1.0,-1.0,0,1,1,1,0.0,0,0.0,0.0,chi(b2)(1P),bB,\chi_{b2}(1P),False
1103,-1.0,-1.0,-1.0,-1.0,-1.0,-1.0,1,5,5,5,1.0,-2/3,0.0,4.0,(dd)(1),?,(dd)_{1},False
-1103,-1.0,-1.0,-1.0,-1.0,-1.0,-1.0,1,5,5,5,1.0,2/3,0.0,4.0,(dd)(1)~,?,(dd)_{1},False
1112,1610.0,20.0,20.0,130.0,20.0,20.0,3/2,5,-1,5,1.0,-1,4.0,0.0,Delta(1620)-,ddd,\Delta(1620)^{-},False
-1112,1610.0,20.0,20.0,130.0,20.0,20.0,3/2,5,1,5,1.0,1,4.0,0.0,Delta(1620)~+,DDD,\overline{\Delta}(1620)^{+},False
1114,1232.0,2.0,2.0,117.0,3.0,3.0,3/2,5,1,5,1.0,-1,4.0,0.0,Delta(1232)-,ddd,\Delta(1232)^{-},False
-1114,1232.0,2.0,2.0,117.0,3.0,3.0,3/2,5,-1,5,1.0,1,4.0,0.0,Delta(1232)~+,DDD,\overline{\Delta}(1232)^{+},False
1116,1880.0,30.0,25.0,330.0,70.0,60.0,3/2,5,1,5,1.0,-1,4.0,1.0,Delta(1905)-,ddd,\Delta(1905)^{-},False
-1116,1880.0,30.0,25.0,330.0,70.0,60.0,3/2,5,-1,5,1.0,1,4.0,1.0,Delta(1905)~+,DDD,\overline{\Delta}(1905)^{+},False
1118,1930.0,20.0,15.0,280.0,50.0,50.0,3/2,5,1,5,1.0,-1,4.0,1.0,Delta(1950)-,ddd,\Delta(1950)^{-},False
-1118,1930.0,20.0,15.0,280.0,50.0,50.0,3/2,5,-1,5,1.0,1,4.0,1.0,Delta(1950)~+,DDD,\overline{\Delta}(1950)^{+},False
1212,1610.0,20.0,20.0,130.0,20.0,20.0,3/2,5,-1,5,1.0,0,4.0,0.0,Delta(1620)0,udd,\Delta(1620)^{0},False
-1212,1610.0,20.0,20.0,130.0,20.0,20.0,3/2,5,1,5,1.0,0,4.0,0.0,Delta(1620)~0,UDD,\overline{\Delta}(1620)^{0},False
1214,1515.0,5.0,5.0,110.0,10.0,10.0,1/2,5,-1,5,1.0,0,4.0,0.0,N(1520)0,udd,N(1520)^{0},False
-1214,1515.0,5.0,5.0,110.0,10.0,10.0,1/2,5,1,5,1.0,0,4.0,0.0,N(1520)~0,UDD,\overline{N}(1520)^{0},False
1216,1880.0,30.0,25.0,330.0,70.0,60.0,3/2,5,1,5,1.0,0,4.0,1.0,Delta(1905)0,udd,\Delta(1905)^{0},False
-1216,1880.0,30.0,25.0,330.0,70.0,60.0,3/2,5,-1,5,1.0,0,4.0,1.0,Delta(1905)~0,UDD,\overline{\Delta}(1905)^{0},False
1218,2180.0,40.0,40.0,400.0,100.0,100.0,1/2,5,-1,5,1.0,0,4.0,1.0,N(2190)0,udd,N(2190)^{0},False
-1218,2180.0,40.0,40.0,400.0,100.0,100.0,1/2,5,1,5,1.0,0,4.0,1.0,N(2190)~0,UDD,\overline{N}(2190)^{0},False
2101,-1.0,-1.0,-1.0,-1.0,-1.0,-1.0,1,5,5,5,1.0,1/3,0.0,4.0,(ud)(0),?,(ud)_{0},False
-2101,-1.0,-1.0,-1.0,-1.0,-1.0,-1.0,1,5,5,5,1.0,-1/3,0.0,4.0,(ud)(0)~,?,(ud)_{0},False
2103,-1.0,-1.0,-1.0,-1.0,-1.0,-1.0,1,5,5,5,1.0,1/3,0.0,4.0,(ud)(1),?,(ud)_{1},False
-2103,-1.0,-1.0,-1.0,-1.0,-1.0,-1.0,1,5,5,5,1.0,-1/3,0.0,4.0,(ud)(1)~,?,(ud)_{1},False
2112,939.565413,6e-06,6e-06,7.485e-25,5e-28,5e-28,1/2,5,1,5,1.0,0,4.0,0.0,n,udd,n,False
-2112,939.565413,6e-06,6e-06,7.485e-25,5e-28,5e-28,1/2,5,-1,5,1.0,0,4.0,0.0,n~,UDD,\overline{n},False
2114,1232.0,2.0,2.0,117.0,3.0,3.0,3/2,5,1,5,1.0,0,4.0,0.0,Delta(1232)0,udd,\Delta(1232)^{0},False
-2114,1232.0,2.0,2.0,117.0,3.0,3.0,3/2,5,-1,5,1.0,0,4.0,0.0,Delta(1232)~0,UDD,\overline{\Delta}(1232)^{0},False
2116,1675.0,5.0,10.0,145.0,15.0,15.0,1/2,5,-1,5,1.0,0,4.0,1.0,N(1675)0,udd,N(1675)^{0},False
-2116,1675.0,5.0,10.0,145.0,15.0,15.0,1/2,5,1,5,1.0,0,4.0,1.0,N(1675)~0,UDD,\overline{N}(1675)^{0},False
2118,1930.0,20.0,15.0,280.0,50.0,50.0,3/2,5,1,5,1.0,0,4.0,1.0,Delta(1950)0,udd,\Delta(1950)^{0},False
-2118,1930.0,20.0,15.0,280.0,50.0,50.0,3/2,5,-1,5,1.0,0,4.0,1.0,Delta(1950)~0,UDD,\overline{\Delta}(1950)^{0},False
2122,1610.0,20.0,20.0,130.0,20.0,20.0,3/2,5,-1,5,1.0,1,4.0,0.0,Delta(1620)+,uud,\Delta(1620)^{+},False
-2122,1610.0,20.0,20.0,130.0,20.0,20.0,3/2,5,1,5,1.0,-1,4.0,0.0,Delta(1620)~-,UUD,\overline{\Delta}(1620)^{-},False
2124,1515.0,5.0,5.0,110.0,10.0,10.0,1/2,5,-1,5,1.0,1,4.0,0.0,N(1520)+,uud,N(1520)^{+},False
-2124,1515.0,5.0,5.0,110.0,10.0,10.0,1/2,5,1,5,1.0,-1,4.0,0.0,N(1520)~-,UUD,\overline{N}(1520)^{-},False
2126,1880.0,30.0,25.0,330.0,70.0,60.0,3/2,5,1,5,1.0,1,4.0,1.0,Delta(1905)+,uud,\Delta(1905)^{+},False
-2126,1880.0,30.0,25.0,330.0,70.0,60.0,3/2,5,-1,5,1.0,-1,4.0,1.0,Delta(1905)~-,UUD,\overline{\Delta}(1905)^{-},False
2128,2180.0,40.0,40.0,400.0,100.0,100.0,1/2,5,-1,5,1.0,1,4.0,1.0,N(2190)+,uud,N(2190)^{+},False
-2128,2180.0,40.0,40.0,400.0,100.0,100.0,1/2,5,1,5,1.0,-1,4.0,1.0,N(2190)~-,UUD,\overline{N}(2190)^{-},False
2203,-1.0,-1.0,-1.0,-1.0,-1.0,-1.0,1,5,5,5,1.0,4/3,0.0,4.0,(uu)(1),?,(uu)_{1},False
-2203,-1.0,-1.0,-1.0,-1.0,-1.0,-1.0,1,5,5,5,1.0,-4/3,0.0,4.0,(uu)(1)~,?,(uu)_{1},False
2212,938.272081,6e-06,6e-06,0.0,0.0,0.0,1/2,5,1,5,1.0,1,4.0,0.0,p,uud,p,False
-2212,938.272081,6e-06,6e-06,0.0,0.0,0.0,1/2,5,-1,5,1.0,-1,4.0,0.0,p~,UUD,\overline{p},False
2214,1232.0,2.0,2.0,117.0,3.0,3.0,3/2,5,1,5,1.0,1,4.0,0.0,Delta(1232)+,uud,\Delta(1232)^{+},False
-2214,1232.0,2.0,2.0,117.0,3.0,3.0,3/2,5,-1,5,1.0,-1,4.0,0.0,Delta(1232)~-,UUD,\overline{\Delta}(1232)^{-},False
2216,1675.0,5.0,10.0,145.0,15.0,15.0,1/2,5,-1,5,1.0,1,4.0,1.0,N(1675)+,uud,N(1675)^{+},False
-2216,1675.0,5.0,10.0,145.0,15.0,15.0,1/2,5,1,5,1.0,-1,4.0,1.0,N(1675)~-,UUD,\overline{N}(1675)^{-},False
2218,1930.0,20.0,15.0,280.0,50.0,50.0,3/2,5,1,5,1.0,1,4.0,1.0,Delta(1950)+,uud,\Delta(1950)^{+},False
-2218,1930.0,20.0,15.0,280.0,50.0,50.0,3/2,5,-1,5,1.0,-1,4.0,1.0,Delta(1950)~-,UUD,\overline{\Delta}(1950)^{-},False
2222,1610.0,20.0,20.0,130.0,20.0,20.0,3/2,5,-1,5,1.0,2,4.0,0.0,Delta(1620)++,uuu,\Delta(1620)^{++},False
-2222,1610.0,20.0,20.0,130.0,20.0,20.0,3/2,5,1,5,1.0,-2,4.0,0.0,Delta(1620)~--,UUU,\overline{\Delta}(1620)^{--},False
2224,1232.0,2.0,2.0,117.0,3.0,3.0,3/2,5,1,5,1.0,2,4.0,0.0,Delta(1232)++,uuu,\Delta(1232)^{++},False
-2224,1232.0,2.0,2.0,117.0,3.0,3.0,3/2,5,-1,5,1.0,-2,4.0,0.0,Delta(1232)~--,UUU,\overline{\Delta}(1232)^{--},False
2226,1880.0,30.0,25.0,330.0,70.0,60.0,3/2,5,1,5,1.0,2,4.0,1.0,Delta(1905)++,uuu,\Delta(1905)^{++},False
-2226,1880.0,30.0,25.0,330.0,70.0,60.0,3/2,5,-1,5,1.0,-2,4.0,1.0,Delta(1905)~--,UUU,\overline{\Delta}(1905)^{--},False
2228,1930.0,20.0,15.0,280.0,50.0,50.0,3/2,5,1,5,1.0,2,4.0,1.0,Delta(1950)++,uuu,\Delta(1950)^{++},False
-2228,1930.0,20.0,15.0,280.0,50.0,50.0,3/2,5,-1,5,1.0,-2,4.0,1.0,Delta(1950)~--,UUU,\overline{\Delta}(1950)^{--},False
3101,-1.0,-1.0,-1.0,-1.0,-1.0,-1.0,1/2,5,5,5,1.0,-2/3,0.0,4.0,(sd)(0),?,(sd)_{0},False
-3101,-1.0,-1.0,-1.0,-1.0,-1.0,-1.0,1/2,5,5,5,1.0,2/3,0.0,4.0,(sd)(0)~,?,(sd)_{0},False
3103,-1.0,-1.0,-1.0,-1.0,-1.0,-1.0,1/2,5,5,5,1.0,-2/3,0.0,4.0,(sd)(1),?,(sd)_{1},False
-3103,-1.0,-1.0,-1.0,-1.0,-1.0,-1.0,1/2,5,5,5,1.0,2/3,0.0,4.0,(sd)(1)~,?,(sd)_{1},False
3112,1197.449,0.03,0.03,4.45e-12,3.2e-14,3.2e-14,1,5,1,5,1.0,-1,4.0,0.0,Sigma-,dds,\Sigma^{-},False
-3112,1197.449,0.03,0.03,4.45e-12,3.2e-14,3.2e-14,1,5,-1,5,1.0,1,4.0,0.0,Sigma~+,DDS,\overline{\Sigma}^{+},False
3114,1387.2,0.5,0.5,39.4,2.1,2.1,1,5,1,5,1.0,-1,4.0,0.0,Sigma(1385)-,dds,\Sigma(1385)^{-},False
-3114,1387.2,0.5,0.5,39.4,2.1,2.1,1,5,-1,5,1.0,1,4.0,0.0,Sigma(1385)~+,DDS,\overline{\Sigma}(1385)^{+},False
3116,1775.0,5.0,5.0,120.0,15.0,15.0,1,5,-1,5,1.0,-1,4.0,1.0,Sigma(1775)-,dds,\Sigma(1775)^{-},False
-3116,1775.0,5.0,5.0,120.0,15.0,15.0,1,5,1,5,1.0,1,4.0,1.0,Sigma(1775)~+,DDS,\overline{\Sigma}(1775)^{+},False
3118,2030.0,10.0,5.0,180.0,20.0,30.0,1,5,1,5,1.0,-1,4.0,1.0,Sigma(2030)-,dds,\Sigma(2030)^{-},False
-3118,2030.0,10.0,5.0,180.0,20.0,30.0,1,5,-1,5,1.0,1,4.0,1.0,Sigma(2030)~+,DDS,\overline{\Sigma}(2030)^{+},False
3122,1115.683,0.006,0.006,2.501e-12,1.9e-14,1.9e-14,0,5,1,5,1.0,0,4.0,0.0,Lambda,uds,\Lambda,False
-3122,1115.683,0.006,0.006,2.501e-12,1.9e-14,1.9e-14,0,5,-1,5,1.0,0,4.0,0.0,Lambda~,UDS,\overline{\Lambda},False
3124,1519.0,1.0,1.0,16.0,1.0,1.0,0,5,-1,5,1.0,0,4.0,0.0,Lambda(1520),uds,\Lambda(1520),False
-3124,1519.0,1.0,1.0,16.0,1.0,1.0,0,5,1,5,1.0,0,4.0,0.0,Lambda(1520)~,UDS,\overline{\Lambda}(1520),False
3126,1820.0,5.0,5.0,80.0,10.0,10.0,0,5,1,5,1.0,0,4.0,1.0,Lambda(1820),uds,\Lambda(1820),False
-3126,1820.0,5.0,5.0,80.0,10.0,10.0,0,5,-1,5,1.0,0,4.0,1.0,Lambda(1820)~,UDS,\overline{\Lambda}(1820),False
3128,2100.0,10.0,10.0,200.0,50.0,100.0,0,5,-1,5,1.0,0,4.0,1.0,Lambda(2100),uds,\Lambda(2100),False
-3128,2100.0,10.0,10.0,200.0,50.0,100.0,0,5,1,5,1.0,0,4.0,1.0,Lambda(2100)~,UDS,\overline{\Lambda}(2100),False
3201,-1.0,-1.0,-1.0,-1.0,-1.0,-1.0,1/2,5,5,5,1.0,1/3,0.0,4.0,(su)(0),?,(su)_{0},False
-3201,-1.0,-1.0,-1.0,-1.0,-1.0,-1.0,1/2,5,5,5,1.0,-1/3,0.0,4.0,(su)(0)~,?,(su)_{0},False
3203,-1.0,-1.0,-1.0,-1.0,-1.0,-1.0,1/2,5,5,5,1.0,1/3,0.0,4.0,(su)(1),?,(su)_{1},False
-3203,-1.0,-1.0,-1.0,-1.0,-1.0,-1.0,1/2,5,5,5,1.0,-1/3,0.0,4.0,(su)(1)~,?,(su)_{1},False
3212,1192.642,0.024,0.024,0.0089,0.0009,0.0008,1,5,1,5,1.0,0,4.0,0.0,Sigma0,uds,\Sigma^{0},False
-3212,1192.642,0.024,0.024,0.0089,0.0009,0.0008,1,5,-1,5,1.0,0,4.0,0.0,Sigma~0,UDS,\overline{\Sigma}^{0},False
3214,1383.7,1.0,1.0,36.0,5.0,5.0,1,5,1,5,1.0,0,4.0,0.0,Sigma(1385)0,uds,\Sigma(1385)^{0},False
-3214,1383.7,1.0,1.0,36.0,5.0,5.0,1,5,-1,5,1.0,0,4.0,0.0,Sigma(1385)~0,UDS,\overline{\Sigma}(1385)^{0},False
3216,1775.0,5.0,5.0,120.0,15.0,15.0,1,5,-1,5,1.0,0,4.0,1.0,Sigma(1775)0,uds,\Sigma(1775)^{0},False
-3216,1775.0,5.0,5.0,120.0,15.0,15.0,1,5,1,5,1.0,0,4.0,1.0,Sigma(1775)~0,UDS,\overline{\Sigma}(1775)^{0},False
3218,2030.0,10.0,5.0,180.0,20.0,30.0,1,5,1,5,1.0,0,4.0,1.0,Sigma(2030)0,uds,\Sigma(2030)^{0},False
-3218,2030.0,10.0,5.0,180.0,20.0,30.0,1,5,-1,5,1.0,0,4.0,1.0,Sigma(2030)~0,UDS,\overline{\Sigma}(2030)^{0},False
3222,1189.37,0.07,0.07,8.209e-12,2.7e-14,2.7e-14,1,5,1,5,1.0,1,4.0,0.0,Sigma+,uus,\Sigma^{+},False
-3222,1189.37,0.07,0.07,8.209e-12,2.7e-14,2.7e-14,1,5,-1,5,1.0,-1,4.0,0.0,Sigma~-,UUS,\overline{\Sigma}^{-},False
3224,1382.8,0.35,0.35,36.0,0.7,0.7,1,5,1,5,1.0,1,4.0,0.0,Sigma(1385)+,uus,\Sigma(1385)^{+},False
-3224,1382.8,0.35,0.35,36.0,0.7,0.7,1,5,-1,5,1.0,-1,4.0,0.0,Sigma(1385)~-,UUS,\overline{\Sigma}(1385)^{-},False
3226,1775.0,5.0,5.0,120.0,15.0,15.0,1,5,-1,5,1.0,1,4.0,1.0,Sigma(1775)+,uus,\Sigma(1775)^{+},False
-3226,1775.0,5.0,5.0,120.0,15.0,15.0,1,5,1,5,1.0,-1,4.0,1.0,Sigma(1775)~-,UUS,\overline{\Sigma}(1775)^{-},False
3228,2030.0,10.0,5.0,180.0,20.0,30.0,1,5,1,5,1.0,1,4.0,1.0,Sigma(2030)+,uus,\Sigma(2030)^{+},False
-3228,2030.0,10.0,5.0,180.0,20.0,30.0,1,5,-1,5,1.0,-1,4.0,1.0,Sigma(2030)~-,UUS,\overline{\Sigma}(2030)^{-},False
3303,-1.0,-1.0,-1.0,-1.0,-1.0,-1.0,0,5,5,5,1.0,-2/3,0.0,4.0,(ss)(1),?,(ss)_{1},False
-3303,-1.0,-1.0,-1.0,-1.0,-1.0,-1.0,0,5,5,5,1.0,2/3,0.0,4.0,(ss)(1)~,?,(ss)_{1},False
3312,1321.71,0.07,0.07,4.02e-12,4e-14,4e-14,1/2,5,1,5,1.0,-1,4.0,0.0,Xi-,dss,\Xi^{-},False
-3312,1321.71,0.07,0.07,4.02e-12,4e-14,4e-14,1/2,5,-1,5,1.0,1,4.0,0.0,Xi~+,DSS,\overline{\Xi}^{+},False
3314,1535.0,0.6,0.6,9.9,1.7,1.9,1/2,5,1,5,1.0,-1,4.0,0.0,Xi(1530)-,dss,\Xi(1530)^{-},False
-3314,1535.0,0.6,0.6,9.9,1.7,1.9,1/2,5,-1,5,1.0,1,4.0,0.0,Xi(1530)~+,DSS,\overline{\Xi}(1530)^{+},False
3322,1314.86,0.2,0.2,2.27e-12,7e-14,7e-14,1/2,5,1,5,1.0,0,4.0,0.0,Xi0,uss,\Xi^{0},False
-3322,1314.86,0.2,0.2,2.27e-12,7e-14,7e-14,1/2,5,-1,5,1.0,0,4.0,0.0,Xi~0,USS,\overline{\Xi}^{0},False
3324,1531.8,0.32,0.32,9.1,0.5,0.5,1/2,5,1,5,1.0,0,4.0,0.0,Xi(1530)0,uss,\Xi(1530)^{0},False
-3324,1531.8,0.32,0.32,9.1,0.5,0.5,1/2,5,-1,5,1.0,0,4.0,0.0,Xi(1530)~0,USS,\overline{\Xi}(1530)^{0},False
3334,1672.45,0.29,0.29,8.02e-12,1.1e-13,1.1e-13,0,5,1,5,1.0,-1,4.0,0.0,Omega-,sss,\Omega^{-},False
-3334,1672.45,0.29,0.29,8.02e-12,1.1e-13,1.1e-13,0,5,-1,5,1.0,1,4.0,0.0,Omega~+,SSS,\overline{\Omega}^{+},False
4101,-1.0,-1.0,-1.0,-1.0,-1.0,-1.0,1/2,5,5,5,1.0,1/3,0.0,4.0,(cd)(0),?,(cd)_{0},False
-4101,-1.0,-1.0,-1.0,-1.0,-1.0,-1.0,1/2,5,5,5,1.0,-1/3,0.0,4.0,(cd)(0)~,?,(cd)_{0},False
4103,-1.0,-1.0,-1.0,-1.0,-1.0,-1.0,1/2,5,5,5,1.0,1/3,0.0,4.0,(cd)(1),?,(cd)_{1},False
-4103,-1.0,-1.0,-1.0,-1.0,-1.0,-1.0,1/2,5,5,5,1.0,-1/3,0.0,4.0,(cd)(1)~,?,(cd)_{1},False
4112,2453.75,0.14,0.14,1.83,0.11,0.19,1,5,1,5,1.0,0,4.0,0.0,Sigma(c)(2455)0,ddc,\Sigma_{c}^{0},False
-4112,2453.75,0.14,0.14,1.83,0.11,0.19,1,5,-1,5,1.0,0,4.0,0.0,Sigma(c)(2455)~0,DDC,\overline{\Sigma}_{c}^{0},False
4114,2518.48,0.2,0.2,15.3,0.4,0.5,1,5,1,5,1.0,0,3.0,0.0,Sigma(c)(2520)0,ddc,\Sigma_{c}(2520)^{0},False
-4114,2518.48,0.2,0.2,15.3,0.4,0.5,1,5,-1,5,1.0,0,3.0,0.0,Sigma(c)(2520)~0,DDC,\overline{\Sigma}_{c}(2520)^{0},False
4122,2286.46,0.14,0.14,3.25e-09,5e-11,5e-11,0,5,1,5,1.0,1,4.0,0.0,Lambda(c)+,udc,\Lambda_{c}^{+},False
-4122,2286.46,0.14,0.14,3.25e-09,5e-11,5e-11,0,5,-1,5,1.0,-1,4.0,0.0,Lambda(c)~-,UDC,\overline{\Lambda}_{c}^{-},False
4132,2470.44,0.28,0.28,4.31e-09,1.8e-10,1.8e-10,1/2,5,1,5,1.0,0,3.0,0.0,Xi(c)0,dsc,\Xi_{c}^{0},False
-4132,2470.44,0.28,0.28,4.31e-09,1.8e-10,1.8e-10,1/2,5,-1,5,1.0,0,3.0,0.0,Xi(c)~0,DSC,\overline{\Xi}_{c}^{0},False
4201,-1.0,-1.0,-1.0,-1.0,-1.0,-1.0,1/2,5,5,5,1.0,4/3,0.0,4.0,(cu)(0),?,(cu)_{0},False
-4201,-1.0,-1.0,-1.0,-1.0,-1.0,-1.0,1/2,5,5,5,1.0,-4/3,0.0,4.0,(cu)(0)~,?,(cu)_{0},False
4203,-1.0,-1.0,-1.0,-1.0,-1.0,-1.0,1/2,5,5,5,1.0,4/3,0.0,4.0,(cu)(1),?,(cu)_{1},False
-4203,-1.0,-1.0,-1.0,-1.0,-1.0,-1.0,1/2,5,5,5,1.0,-4/3,0.0,4.0,(cu)(1)~,?,(cu)_{1},False
4212,2452.9,0.4,0.4,4.6,-1.0,-1.0,1,5,1,5,1.0,1,4.0,0.0,Sigma(c)(2455)+,udc,\Sigma_{c}(2455)^{+},False
-4212,2452.9,0.4,0.4,4.6,-1.0,-1.0,1,5,-1,5,1.0,-1,4.0,0.0,Sigma(c)(2455)~-,UDC,\overline{\Sigma}_{c}(2455)^{-},False
4214,2517.5,2.3,2.3,17.0,-1.0,-1.0,1,5,1,5,1.0,1,3.0,0.0,Sigma(c)(2520)+,udc,\Sigma_{c}(2520)^{+},False
-4214,2517.5,2.3,2.3,17.0,-1.0,-1.0,1,5,-1,5,1.0,-1,3.0,0.0,Sigma(c)(2520)~-,UDC,\overline{\Sigma}_{c}(2520)^{-},False
4222,2453.97,0.14,0.14,1.89,0.09,0.18,1,5,1,5,1.0,2,4.0,0.0,Sigma(c)(2455)++,uuc,\Sigma_{c}(2455)^{++},False
-4222,2453.97,0.14,0.14,1.89,0.09,0.18,1,5,-1,5,1.0,-2,4.0,0.0,Sigma(c)(2455)~--,UUC,\overline{\Sigma}_{c}(2455)^{--},False
4224,2518.41,0.21,0.19,14.78,0.3,0.4,1,5,1,5,1.0,2,3.0,0.0,Sigma(c)(2520)++,uuc,\Sigma_{c}(2520)^{++},False
-4224,2518.41,0.21,0.19,14.78,0.3,0.4,1,5,-1,5,1.0,-2,3.0,0.0,Sigma(c)(2520)~--,UUC,\overline{\Sigma}_{c}(2520)^{--},False
4232,2467.71,0.23,0.23,1.444e-09,1.7e-11,1.7e-11,1/2,5,1,5,1.0,1,3.0,0.0,Xi(c)+,usc,\Xi_{c}^{+},False
-4232,2467.71,0.23,0.23,1.444e-09,1.7e-11,1.7e-11,1/2,5,-1,5,1.0,-1,3.0,0.0,Xi(c)~-,USC,\overline{\Xi}_{c}^{-},False
4301,-1.0,-1.0,-1.0,-1.0,-1.0,-1.0,0,5,5,5,1.0,1/3,0.0,4.0,(cs)(0),?,(cs)_{0},False
-4301,-1.0,-1.0,-1.0,-1.0,-1.0,-1.0,0,5,5,5,1.0,-1/3,0.0,4.0,(cs)(0)~,?,(cs)_{0},False
4303,-1.0,-1.0,-1.0,-1.0,-1.0,-1.0,0,5,5,5,1.0,1/3,0.0,4.0,(cs)(1),?,(cs)_{1},False
-4303,-1.0,-1.0,-1.0,-1.0,-1.0,-1.0,0,5,5,5,1.0,-1/3,0.0,4.0,(cs)(1)~,?,(cs)_{1},False
4312,2578.7,0.5,0.5,-1.0,-1.0,-1.0,1/2,5,1,5,1.0,0,3.0,0.0,Xi(c)'0,dsc,\Xi_{c}^{\prime0},False
-4312,2578.7,0.5,0.5,-1.0,-1.0,-1.0,1/2,5,-1,5,1.0,0,3.0,0.0,Xi(c)'~0,DSC,\overline{\Xi}_{c}^{\prime0},False
4314,2646.16,0.25,0.25,2.35,0.22,0.22,1/2,5,1,5,1.0,0,3.0,0.0,Xi(c)(2645)0,dsc,\Xi_{c}(2645)^{0},False
-4314,2646.16,0.25,0.25,2.35,0.22,0.22,1/2,5,-1,5,1.0,0,3.0,0.0,Xi(c)(2645)~0,DSC,\overline{\Xi}_{c}(2645)^{0},False
4322,2578.2,0.5,0.5,-1.0,-1.0,-1.0,1/2,5,1,5,1.0,1,3.0,0.0,Xi(c)'+,usc,\Xi_{c}^{\prime+},False
-4322,2578.2,0.5,0.5,-1.0,-1.0,-1.0,1/2,5,-1,5,1.0,-1,3.0,0.0,Xi(c)'~-,USC,\overline{\Xi}_{c}^{\prime-},False
4324,2645.1,0.3,0.3,2.14,0.19,0.19,1/2,5,1,5,1.0,1,3.0,0.0,Xi(c)(2645)+,usc,\Xi_{c}(2645)^{+},False
-4324,2645.1,0.3,0.3,2.14,0.19,0.19,1/2,5,-1,5,1.0,-1,3.0,0.0,Xi(c)(2645)~-,USC,\overline{\Xi}_{c}(2645)^{-},False
4332,2695.2,1.7,1.7,2.46e-09,2.6e-10,2.2e-10,0,5,1,5,1.0,0,3.0,0.0,Omega(c)0,ssc,\Omega_{c}^{0},False
-4332,2695.2,1.7,1.7,2.46e-09,2.6e-10,2.2e-10,0,5,-1,5,1.0,0,3.0,0.0,Omega(c)~0,SSC,\overline{\Omega}_{c}^{0},False
4334,2765.9,2.0,2.0,-1.0,-1.0,-1.0,0,5,1,5,1.0,0,3.0,0.0,Omega(c)(2770)0,ssc,\Omega_{c}(2770)^{0},False
-4334,2765.9,2.0,2.0,-1.0,-1.0,-1.0,0,5,-1,5,1.0,0,3.0,0.0,Omega(c)(2770)~0,SSC,\overline{\Omega}_{c}(2770)^{0},False
4403,-1.0,-1.0,-1.0,-1.0,-1.0,-1.0,0,5,5,5,1.0,4/3,0.0,4.0,(cc)(1),?,(cc)_{1},False
-4403,-1.0,-1.0,-1.0,-1.0,-1.0,-1.0,0,5,5,5,1.0,-4/3,0.0,4.0,(cc)(1)~,?,(cc)_{1},False
5101,-1.0,-1.0,-1.0,-1.0,-1.0,-1.0,1/2,5,5,5,1.0,-2/3,0.0,4.0,(bd)(0),?,(bd)_{0},False
-5101,-1.0,-1.0,-1.0,-1.0,-1.0,-1.0,1/2,5,5,5,1.0,2/3,0.0,4.0,(bd)(0)~,?,(bd)_{0},False
5103,-1.0,-1.0,-1.0,-1.0,-1.0,-1.0,1/2,5,5,5,1.0,-2/3,0.0,4.0,(bd)(1),?,(bd)_{1},False
-5103,-1.0,-1.0,-1.0,-1.0,-1.0,-1.0,1/2,5,5,5,1.0,2/3,0.0,4.0,(bd)(1)~,?,(bd)_{1},False
5112,5815.64,0.27,0.27,5.3,0.5,0.5,1,5,1,5,1.0,-1,3.0,0.0,Sigma(b)-,ddb,\Sigma_{b}^{-},False
-5112,5815.64,0.27,0.27,5.3,0.5,0.5,1,5,-1,5,1.0,1,3.0,0.0,Sigma(b)~+,DDB,\overline{\Sigma}_{b}^{+},False
5114,5834.74,0.3,0.3,10.4,0.8,0.8,1,5,1,5,1.0,-1,3.0,0.0,Sigma(b)*-,ddb,\Sigma_{b}^{*-},False
-5114,5834.74,0.3,0.3,10.4,0.8,0.8,1,5,-1,5,1.0,1,3.0,0.0,Sigma(b)*~+,DDB,\overline{\Sigma}_{b}^{*+},False
5122,5619.6,0.17,0.17,4.475e-10,2.7e-12,2.7e-12,0,5,1,5,1.0,0,3.0,0.0,Lambda(b)0,udb,\Lambda_{b}^{0},False
-5122,5619.6,0.17,0.17,4.475e-10,2.7e-12,2.7e-12,0,5,-1,5,1.0,0,3.0,0.0,Lambda(b)~0,UDB,\overline{\Lambda}_{b}^{0},False
5132,5797.0,0.6,0.6,4.19e-10,1.1e-11,1.1e-11,1/2,5,1,5,1.0,-1,3.0,0.0,Xi(b)-,dsb,\Xi_{b}^{-},False
-5132,5797.0,0.6,0.6,4.19e-10,1.1e-11,1.1e-11,1/2,5,-1,5,1.0,1,3.0,0.0,Xi(b)~+,DSB,\overline{\Xi}_{b}^{+},False
5201,-1.0,-1.0,-1.0,-1.0,-1.0,-1.0,1/2,5,5,5,1.0,1/3,0.0,4.0,(bu)(0),?,(bu)_{0},False
-5201,-1.0,-1.0,-1.0,-1.0,-1.0,-1.0,1/2,5,5,5,1.0,-1/3,0.0,4.0,(bu)(0)~,?,(bu)_{0},False
5203,-1.0,-1.0,-1.0,-1.0,-1.0,-1.0,1/2,5,5,5,1.0,1/3,0.0,4.0,(bu)(1),?,(bu)_{1},False
-5203,-1.0,-1.0,-1.0,-1.0,-1.0,-1.0,1/2,5,5,5,1.0,-1/3,0.0,4.0,(bu)(1)~,?,(bu)_{1},False
5222,5810.56,0.25,0.25,5.0,0.5,0.5,1,5,1,5,1.0,1,3.0,0.0,Sigma(b)+,uub,\Sigma_{b}^{+},False
-5222,5810.56,0.25,0.25,5.0,0.5,0.5,1,5,-1,5,1.0,-1,3.0,0.0,Sigma(b)~-,UUB,\overline{\Sigma}_{b}^{-},False
5224,5830.32,0.27,0.27,9.4,0.5,0.5,1,5,1,5,1.0,1,3.0,0.0,Sigma(b)*+,uub,\Sigma_{b}^{*+},False
-5224,5830.32,0.27,0.27,9.4,0.5,0.5,1,5,-1,5,1.0,-1,3.0,0.0,Sigma(b)*~-,UUB,\overline{\Sigma}_{b}^{*-},False
5232,5791.9,0.5,0.5,4.45e-10,9e-12,9e-12,1/2,5,1,5,1.0,0,3.0,0.0,Xi(b)0,usb,\Xi_{b}^{0},False
-5232,5791.9,0.5,0.5,4.45e-10,9e-12,9e-12,1/2,5,-1,5,1.0,0,3.0,0.0,Xi(b)~0,USB,\overline{\Xi}_{b}^{0},False
5301,-1.0,-1.0,-1.0,-1.0,-1.0,-1.0,0,5,5,5,1.0,-2/3,0.0,4.0,(bs)(0),?,(bs)_{0},False
-5301,-1.0,-1.0,-1.0,-1.0,-1.0,-1.0,0,5,5,5,1.0,2/3,0.0,4.0,(bs)(0)~,?,(bs)_{0},False
5303,-1.0,-1.0,-1.0,-1.0,-1.0,-1.0,0,5,5,5,1.0,-2/3,0.0,4.0,(bs)(1),?,(bs)_{1},False
-5303,-1.0,-1.0,-1.0,-1.0,-1.0,-1.0,0,5,5,5,1.0,2/3,0.0,4.0,(bs)(1)~,?,(bs)_{1},False
5332,6046.1,1.7,1.7,4e-10,5e-11,4e-11,0,5,1,5,1.0,-1,3.0,0.0,Omega(b)-,ssb,\Omega_{b}^{-},False
-5332,6046.1,1.7,1.7,4e-10,5e-11,4e-11,0,5,-1,5,1.0,1,3.0,0.0,Omega(b)~+,SSB,\overline{\Omega}_{b}^{+},False
5401,-1.0,-1.0,-1.0,-1.0,-1.0,-1.0,0,5,5,5,1.0,1/3,0.0,4.0,(bc)(0),?,(bc)_{0},False
-5401,-1.0,-1.0,-1.0,-1.0,-1.0,-1.0,0,5,5,5,1.0,-1/3,0.0,4.0,(bc)(0)~,?,(bc)_{0},False
5403,-1.0,-1.0,-1.0,-1.0,-1.0,-1.0,0,5,5,5,1.0,1/3,0.0,4.0,(bc)(1),?,(bc)_{1},False
-5403,-1.0,-1.0,-1.0,-1.0,-1.0,-1.0,0,5,5,5,1.0,-1/3,0.0,4.0,(bc)(1)~,?,(bc)_{1},False
5503,-1.0,-1.0,-1.0,-1.0,-1.0,-1.0,0,5,5,5,1.0,-2/3,0.0,4.0,(bb)(1),?,(bb)_{1},False
-5503,-1.0,-1.0,-1.0,-1.0,-1.0,-1.0,0,5,5,5,1.0,2/3,0.0,4.0,(bb)(1)~,?,(bb)_{1},False
10111,1474.0,19.0,19.0,265.0,13.0,13.0,1,-1,1,1,0.0,0,0.0,0.0,a(0)(1450)0,(uU-dD)/sqrt(2),a_{0}(1450)^{0},False
10113,1229.5,3.2,3.2,142.0,9.0,9.0,1,1,1,-1,0.0,0,0.0,0.0,b(1)(1235)0,(uU-dD)/sqrt(2),b_{1}(1235)^{0},False
10115,1670.6,2.9,1.2,258.0,8.0,9.0,1,-1,-1,1,0.0,0,0.0,0.0,pi(2)(1670)0,(uU-dD)/sqrt(2),\pi_{2}(1670)^{0},False
10211,1474.0,19.0,19.0,265.0,13.0,13.0,1,-1,1,5,2.0,1,0.0,0.0,a(0)(1450)+,uD,a_{0}(1450)^{+},False
-10211,1474.0,19.0,19.0,265.0,13.0,13.0,1,-1,1,5,2.0,-1,0.0,0.0,a(0)(1450)-,Ud,a_{0}(1450)^{-},False
10213,1229.5,3.2,3.2,142.0,9.0,9.0,1,1,1,5,2.0,1,0.0,0.0,b(1)(1235)+,uD,b_{1}(1235)^{+},False
-10213,1229.5,3.2,3.2,142.0,9.0,9.0,1,1,1,5,2.0,-1,0.0,0.0,b(1)(1235)-,Ud,b_{1}(1235)^{-},False
10215,1670.6,2.9,1.2,258.0,8.0,9.0,1,-1,-1,5,2.0,1,0.0,0.0,pi(2)(1670)+,uD,\pi_{2}(1670)^{+},False
-10215,1670.6,2.9,1.2,258.0,8.0,9.0,1,-1,-1,5,2.0,-1,0.0,0.0,pi(2)(1670)-,Ud,\pi_{2}(1670)^{-},False
10221,1350.0,150.0,150.0,350.0,150.0,150.0,0,1,1,1,0.0,0,0.0,0.0,f(0)(1370),x(uU+dD)+y(sS),f_{0}(1370),False
10223,1166.0,6.0,6.0,375.0,35.0,35.0,0,-1,1,-1,0.0,0,0.0,0.0,h(1)(1170),x(uU+dD)+y(sS),h_{1}(1170),False
10225,1617.0,5.0,5.0,181.0,11.0,11.0,0,1,-1,1,0.0,0,0.0,0.0,eta(2)(1645),x(uU+dD)+y(sS),\eta_{2}(1645),False
10311,1430.0,50.0,50.0,270.0,80.0,80.0,1/2,5,1,5,1.0,0,0.0,0.0,K(0)*(1430)0,dS,K_{0}^{*}(1430)^{0},False
-10311,1430.0,50.0,50.0,270.0,80.0,80.0,1/2,5,1,5,1.0,0,0.0,0.0,K(0)*(1430)~0,Ds,\overline{K}_{0}^{*}(1430)^{0},False
10313,1253.0,7.0,7.0,90.0,20.0,20.0,1/2,5,1,5,1.0,0,0.0,0.0,K(1)(1270)0,dS,K_{1}(1270)^{0},False
-10313,1253.0,7.0,7.0,90.0,20.0,20.0,1/2,5,1,5,1.0,0,0.0,0.0,K(1)(1270)~0,Ds,\overline{K}_{1}(1270)^{0},False
10315,1773.0,8.0,8.0,186.0,14.0,14.0,1/2,5,-1,5,1.0,0,0.0,0.0,K(2)(1770)0,dS,K_{2}(1770)^{0},False
-10315,1773.0,8.0,8.0,186.0,14.0,14.0,1/2,5,-1,5,1.0,0,0.0,0.0,K(2)(1770)~0,Ds,\overline{K}_{2}(1770)^{0},False
10321,1430.0,50.0,50.0,270.0,80.0,80.0,1/2,5,1,5,2.0,1,0.0,0.0,K(0)*(1430)+,uS,K_{0}^{*}(1430)^{+},False
-10321,1430.0,50.0,50.0,270.0,80.0,80.0,1/2,5,1,5,2.0,-1,0.0,0.0,K(0)*(1430)-,Us,K_{0}^{*}(1430)^{-},False
10323,1253.0,7.0,7.0,90.0,20.0,20.0,1/2,5,1,5,2.0,1,0.0,0.0,K(1)(1270)+,uS,K_{1}(1270)^{+},False
-10323,1253.0,7.0,7.0,90.0,20.0,20.0,1/2,5,1,5,2.0,-1,0.0,0.0,K(1)(1270)-,Us,K_{1}(1270)^{-},False
10325,1773.0,8.0,8.0,186.0,14.0,14.0,1/2,5,-1,5,2.0,1,0.0,0.0,K(2)(1770)+,uS,K_{2}(1770)^{+},False
-10325,1773.0,8.0,8.0,186.0,14.0,14.0,1/2,5,-1,5,2.0,-1,0.0,0.0,K(2)(1770)-,Us,K_{2}(1770)^{-},False
10331,1704.0,12.0,12.0,123.0,18.0,18.0,0,1,1,1,0.0,0,0.0,0.0,f(0)(1710),x(uU+dD)+y(sS),f_{0}(1710),False
10333,1416.0,8.0,8.0,90.0,15.0,15.0,0,-1,1,-1,0.0,0,0.0,2.0,h(1)(1415),x(uU+dD)+y(sS),h_{1}(1415),False
10411,2343.0,10.0,10.0,229.0,16.0,16.0,1/2,5,5,5,2.0,1,0.0,2.0,D(0)*(2300)+,cD,D_{0}^{*}(2300)^{+},False
-10411,2343.0,10.0,10.0,229.0,16.0,16.0,1/2,5,5,5,2.0,-1,0.0,2.0,D(0)*(2300)-,Cd,D_{0}^{*}(2300)^{-},False
10413,2422.1,0.6,0.6,31.3,1.9,1.9,1/2,5,5,5,2.0,1,0.0,2.0,D(1)(2420)+,cD,D_{1}(2420)^{+},False
-10413,2422.1,0.6,0.6,31.3,1.9,1.9,1/2,5,5,5,2.0,-1,0.0,2.0,D(1)(2420)-,Cd,D_{1}(2420)^{-},False
10421,2343.0,10.0,10.0,229.0,16.0,16.0,1/2,5,1,5,1.0,0,0.0,2.0,D(0)*(2300)0,cU,D_{0}^{*}(2300)^{0},False
-10421,2343.0,10.0,10.0,229.0,16.0,16.0,1/2,5,1,5,1.0,0,0.0,2.0,D(0)*(2300)~0,Cu,\overline{D}_{0}^{*}(2300)^{0},False
10423,2422.1,0.6,0.6,31.3,1.9,1.9,1/2,5,1,5,1.0,0,0.0,0.0,D(1)(2420)0,cU,D_{1}(2420)^{0},False
-10423,2422.1,0.6,0.6,31.3,1.9,1.9,1/2,5,1,5,1.0,0,0.0,0.0,D(1)(2420)~0,Cu,\overline{D}_{1}(2420)^{0},False
10431,2317.8,0.5,0.5,10.0,-1.0,-1.0,0,5,1,5,2.0,1,0.0,0.0,D(s0)*(2317)+,cS,D_{s0}^{*}(2317)^{+},False
-10431,2317.8,0.5,0.5,10.0,-1.0,-1.0,0,5,1,5,2.0,-1,0.0,0.0,D(s0)*(2317)-,Cs,D_{s0}^{*}(2317)^{-},False
10433,2535.11,0.06,0.06,0.92,0.05,0.05,0,5,1,5,2.0,1,0.0,0.0,D(s1)(2536)+,cS,D_{s1}(2536)^{+},False
-10433,2535.11,0.06,0.06,0.92,0.05,0.05,0,5,1,5,2.0,-1,0.0,0.0,D(s1)(2536)-,Cs,D_{s1}(2536)^{-},False
10441,3414.71,0.3,0.3,10.8,0.6,0.6,0,1,1,1,0.0,0,0.0,0.0,chi(c0)(1P),cC,\chi_{c0}(1P),False
10443,3525.38,0.11,0.11,0.7,0.4,0.4,0,5,1,-1,0.0,0,0.0,0.0,h(c)(1P),cC,h_{c}(1P),False
10551,9859.4,0.5,0.5,-1.0,-1.0,-1.0,0,1,1,1,0.0,0,0.0,0.0,chi(b0)(1P),bB,\chi_{b0}(1P),False
10553,9899.3,0.8,0.8,-1.0,-1.0,-1.0,0,5,1,-1,0.0,0,0.0,0.0,h(b)(1P),bB,h_{b}(1P),False
11112,1860.0,60.0,20.0,250.0,70.0,70.0,3/2,5,-1,5,1.0,-1,3.0,0.0,Delta(1900)-,ddd,\Delta(1900)^{-},False
-11112,1860.0,60.0,20.0,250.0,70.0,70.0,3/2,5,1,5,1.0,1,3.0,0.0,Delta(1900)~+,DDD,\overline{\Delta}(1900)^{+},False
11114,1710.0,20.0,20.0,300.0,80.0,80.0,3/2,5,-1,5,1.0,-1,4.0,1.0,Delta(1700)-,ddd,\Delta(1700)^{-},False
-11114,1710.0,20.0,20.0,300.0,80.0,80.0,3/2,5,1,5,1.0,1,4.0,1.0,Delta(1700)~+,DDD,\overline{\Delta}(1700)^{+},False
11116,1950.0,50.0,50.0,300.0,100.0,100.0,3/2,5,-1,5,1.0,-1,3.0,1.0,Delta(1930)-,ddd,\Delta(1930)^{-},False
-11116,1950.0,50.0,50.0,300.0,100.0,100.0,3/2,5,1,5,1.0,1,3.0,1.0,Delta(1930)~+,DDD,\overline{\Delta}(1930)^{+},False
11212,1860.0,60.0,20.0,250.0,70.0,70.0,3/2,5,-1,5,1.0,0,3.0,0.0,Delta(1900)0,udd,\Delta(1900)^{0},False
-11212,1860.0,60.0,20.0,250.0,70.0,70.0,3/2,5,1,5,1.0,0,3.0,0.0,Delta(1900)~0,UDD,\overline{\Delta}(1900)^{0},False
11216,1950.0,50.0,50.0,300.0,100.0,100.0,3/2,5,-1,5,1.0,0,3.0,1.0,Delta(1930)0,udd,\Delta(1930)^{0},False
-11216,1950.0,50.0,50.0,300.0,100.0,100.0,3/2,5,1,5,1.0,0,3.0,1.0,Delta(1930)~0,UDD,\overline{\Delta}(1930)^{0},False
12112,1440.0,30.0,30.0,350.0,100.0,100.0,1/2,5,1,5,1.0,0,4.0,0.0,N(1440)0,udd,N(1440)^{0},False
-12112,1440.0,30.0,30.0,350.0,100.0,100.0,1/2,5,-1,5,1.0,0,4.0,0.0,N(1440)~0,UDD,\overline{N}(1440)^{0},False
12114,1710.0,20.0,20.0,300.0,80.0,80.0,3/2,5,-1,5,1.0,0,4.0,1.0,Delta(1700)0,udd,\Delta(1700)^{0},False
-12114,1710.0,20.0,20.0,300.0,80.0,80.0,3/2,5,1,5,1.0,0,4.0,1.0,Delta(1700)~0,UDD,\overline{\Delta}(1700)^{0},False
12116,1685.0,5.0,5.0,120.0,10.0,5.0,1/2,5,1,5,1.0,0,4.0,1.0,N(1680)0,udd,N(1680)^{0},False
-12116,1685.0,5.0,5.0,120.0,10.0,5.0,1/2,5,-1,5,1.0,0,4.0,1.0,N(1680)~0,UDD,\overline{N}(1680)^{0},False
12122,1860.0,60.0,20.0,250.0,70.0,70.0,3/2,5,-1,5,1.0,1,3.0,0.0,Delta(1900)+,uud,\Delta(1900)^{+},False
-12122,1860.0,60.0,20.0,250.0,70.0,70.0,3/2,5,1,5,1.0,-1,3.0,0.0,Delta(1900)~-,UUD,\overline{\Delta}(1900)^{-},False
12126,1950.0,50.0,50.0,300.0,100.0,100.0,3/2,5,-1,5,1.0,1,3.0,1.0,Delta(1930)+,uud,\Delta(1930)^{+},False
-12126,1950.0,50.0,50.0,300.0,100.0,100.0,3/2,5,1,5,1.0,-1,3.0,1.0,Delta(1930)~-,UUD,\overline{\Delta}(1930)^{-},False
12212,1440.0,30.0,30.0,350.0,100.0,100.0,1/2,5,1,5,1.0,1,4.0,0.0,N(1440)+,uud,N(1440)^{+},False
-12212,1440.0,30.0,30.0,350.0,100.0,100.0,1/2,5,-1,5,1.0,-1,4.0,0.0,N(1440)~-,UUD,\overline{N}(1440)^{-},False
12214,1710.0,20.0,20.0,300.0,80.0,80.0,3/2,5,-1,5,1.0,1,4.0,1.0,Delta(1700)+,uud,\Delta(1700)^{+},False
-12214,1710.0,20.0,20.0,300.0,80.0,80.0,3/2,5,1,5,1.0,-1,4.0,1.0,Delta(1700)~-,UUD,\overline{\Delta}(1700)^{-},False
12216,1685.0,5.0,5.0,120.0,10.0,5.0,1/2,5,1,5,1.0,1,4.0,1.0,N(1680)+,uud,N(1680)^{+},False
-12216,1685.0,5.0,5.0,120.0,10.0,5.0,1/2,5,-1,5,1.0,-1,4.0,1.0,N(1680)~-,UUD,\overline{N}(1680)^{-},False
12222,1860.0,60.0,20.0,250.0,70.0,70.0,3/2,5,-1,5,1.0,2,3.0,0.0,Delta(1900)++,uuu,\Delta(1900)^{++},False
-12222,1860.0,60.0,20.0,250.0,70.0,70.0,3/2,5,1,5,1.0,-2,3.0,0.0,Delta(1900)~--,UUU,\overline{\Delta}(1900)^{--},False
12224,1710.0,20.0,20.0,300.0,80.0,80.0,3/2,5,-1,5,1.0,2,4.0,1.0,Delta(1700)++,uuu,\Delta(1700)^{++},False
-12224,1710.0,20.0,20.0,300.0,80.0,80.0,3/2,5,1,5,1.0,-2,4.0,1.0,Delta(1700)~--,UUU,\overline{\Delta}(1700)^{--},False
12226,1950.0,50.0,50.0,300.0,100.0,100.0,3/2,5,-1,5,1.0,2,3.0,1.0,Delta(1930)++,uuu,\Delta(1930)^{++},False
-12226,1950.0,50.0,50.0,300.0,100.0,100.0,3/2,5,1,5,1.0,-2,3.0,1.0,Delta(1930)~--,UUU,\overline{\Delta}(1930)^{--},False
13112,1660.0,20.0,20.0,200.0,100.0,100.0,1,5,1,5,1.0,-1,3.0,0.0,Sigma(1660)-,dds,\Sigma(1660)^{-},False
-13112,1660.0,20.0,20.0,200.0,100.0,100.0,1,5,-1,5,1.0,1,3.0,0.0,Sigma(1660)~+,DDS,\overline{\Sigma}(1660)^{+},False
13114,1675.0,10.0,10.0,70.0,30.0,30.0,1,5,-1,5,1.0,-1,4.0,1.0,Sigma(1670)-,dds,\Sigma(1670)^{-},False
-13114,1675.0,10.0,10.0,70.0,30.0,30.0,1,5,1,5,1.0,1,4.0,1.0,Sigma(1670)~+,DDS,\overline{\Sigma}(1670)^{+},False
13116,1915.0,20.0,15.0,120.0,40.0,40.0,1,5,1,5,1.0,-1,4.0,1.0,Sigma(1915)-,dds,\Sigma(1915)^{-},False
-13116,1915.0,20.0,15.0,120.0,40.0,40.0,1,5,-1,5,1.0,1,4.0,1.0,Sigma(1915)~+,DDS,\overline{\Sigma}(1915)^{+},False
13122,1405.1,1.3,1.0,50.5,2.0,2.0,0,5,-1,5,1.0,0,4.0,0.0,Lambda(1405),uds,\Lambda(1404),False
-13122,1405.1,1.3,1.0,50.5,2.0,2.0,0,5,1,5,1.0,0,4.0,0.0,Lambda(1405)~,UDS,\overline{\Lambda}(1404),False
13124,1690.0,5.0,5.0,70.0,10.0,10.0,0,5,-1,5,1.0,0,4.0,1.0,Lambda(1690),uds,\Lambda(1690),False
-13124,1690.0,5.0,5.0,70.0,10.0,10.0,0,5,1,5,1.0,0,4.0,1.0,Lambda(1690)~,UDS,\overline{\Lambda}(1690),False
13126,1825.0,5.0,5.0,90.0,30.0,30.0,0,5,-1,5,1.0,0,4.0,1.0,Lambda(1830),uds,\Lambda(1830),False
-13126,1825.0,5.0,5.0,90.0,30.0,30.0,0,5,1,5,1.0,0,4.0,1.0,Lambda(1830)~,UDS,\overline{\Lambda}(1830),False
13212,1660.0,20.0,20.0,200.0,100.0,100.0,1,5,1,5,1.0,0,3.0,0.0,Sigma(1660)0,uds,\Sigma(1660)^{0},False
-13212,1660.0,20.0,20.0,200.0,100.0,100.0,1,5,-1,5,1.0,0,3.0,0.0,Sigma(1660)~0,UDS,\overline{\Sigma}(1660)^{0},False
13214,1675.0,10.0,10.0,70.0,30.0,30.0,1,5,-1,5,1.0,0,4.0,1.0,Sigma(1670)0,uds,\Sigma(1670)^{0},False
-13214,1675.0,10.0,10.0,70.0,30.0,30.0,1,5,1,5,1.0,0,4.0,1.0,Sigma(1670)~0,UDS,\overline{\Sigma}(1670)^{0},False
13216,1915.0,20.0,15.0,120.0,40.0,40.0,1,5,1,5,1.0,0,4.0,1.0,Sigma(1915)0,uds,\Sigma(1915)^{0},False
-13216,1915.0,20.0,15.0,120.0,40.0,40.0,1,5,-1,5,1.0,0,4.0,1.0,Sigma(1915)~0,UDS,\overline{\Sigma}(1915)^{0},False
13222,1660.0,20.0,20.0,200.0,100.0,100.0,1,5,1,5,1.0,1,3.0,0.0,Sigma(1660)+,uus,\Sigma(1660)^{+},False
-13222,1660.0,20.0,20.0,200.0,100.0,100.0,1,5,-1,5,1.0,-1,3.0,0.0,Sigma(1660)~-,UUS,\overline{\Sigma}(1660)^{-},False
13224,1675.0,10.0,10.0,70.0,30.0,30.0,1,5,-1,5,1.0,1,4.0,1.0,Sigma(1670)+,uus,\Sigma(1670)^{+},False
-13224,1675.0,10.0,10.0,70.0,30.0,30.0,1,5,1,5,1.0,-1,4.0,1.0,Sigma(1670)~-,UUS,\overline{\Sigma}(1670)^{-},False
13226,1915.0,20.0,15.0,120.0,40.0,40.0,1,5,1,5,1.0,1,4.0,1.0,Sigma(1915)+,uus,\Sigma(1915)^{+},False
-13226,1915.0,20.0,15.0,120.0,40.0,40.0,1,5,-1,5,1.0,-1,4.0,1.0,Sigma(1915)~-,UUS,\overline{\Sigma}(1915)^{-},False
13314,1823.0,5.0,5.0,24.0,15.0,10.0,1/2,5,-1,5,1.0,-1,3.0,1.0,Xi(1820)-,dss,\Xi(1820)^{-},False
-13314,1823.0,5.0,5.0,24.0,15.0,10.0,1/2,5,1,5,1.0,1,3.0,1.0,Xi(1820)~+,DSS,\overline{\Xi}(1820)^{+},False
13324,1823.0,5.0,5.0,24.0,15.0,10.0,1/2,5,-1,5,1.0,0,3.0,1.0,Xi(1820)0,uss,\Xi(1820)^{0},False
-13324,1823.0,5.0,5.0,24.0,15.0,10.0,1/2,5,1,5,1.0,0,3.0,1.0,Xi(1820)~0,USS,\overline{\Xi}(1820)^{0},False
14122,2592.25,0.28,0.28,2.6,0.6,0.6,0,5,-1,5,1.0,1,3.0,0.0,Lambda(c)(2595)+,udc,\Lambda_{c}(2593)^{+},False
-14122,2592.25,0.28,0.28,2.6,0.6,0.6,0,5,1,5,1.0,-1,3.0,0.0,Lambda(c)(2595)~-,UDC,\overline{\Lambda}_{c}(2593)^{-},False
20113,1230.0,40.0,40.0,420.0,180.0,180.0,1,-1,1,1,0.0,0,0.0,0.0,a(1)(1260)0,(uU-dD)/sqrt(2),a_{1}(1260)^{0},False
20213,1230.0,40.0,40.0,420.0,180.0,180.0,1,-1,1,5,2.0,1,0.0,0.0,a(1)(1260)+,uD,a_{1}(1260)^{+},False
-20213,1230.0,40.0,40.0,420.0,180.0,180.0,1,-1,1,5,2.0,-1,0.0,0.0,a(1)(1260)-,Ud,a_{1}(1260)^{-},False
20223,1281.9,0.5,0.5,22.7,1.1,1.1,0,1,1,1,0.0,0,0.0,0.0,f(1)(1285),x(uU+dD)+y(sS),f_{1}(1285),False
20313,1403.0,7.0,7.0,174.0,13.0,13.0,1/2,5,1,5,1.0,0,0.0,0.0,K(1)(1400)0,dS,K_{1}(1400)^{0},False
-20313,1403.0,7.0,7.0,174.0,13.0,13.0,1/2,5,1,5,1.0,0,0.0,0.0,K(1)(1400)~0,Ds,\overline{K}_{1}(1400)^{0},False
20315,1819.0,12.0,12.0,264.0,34.0,34.0,1/2,5,-1,5,1.0,0,0.0,0.0,K(2)(1820)0,dS,K_{2}(1820)^{0},False
-20315,1819.0,12.0,12.0,264.0,34.0,34.0,1/2,5,-1,5,1.0,0,0.0,0.0,K(2)(1820)~0,Ds,\overline{K}_{2}(1820)^{0},False
20323,1403.0,7.0,7.0,174.0,13.0,13.0,1/2,5,1,5,2.0,1,0.0,0.0,K(1)(1400)+,uS,K_{1}(1400)^{+},False
-20323,1403.0,7.0,7.0,174.0,13.0,13.0,1/2,5,1,5,2.0,-1,0.0,0.0,K(1)(1400)-,Us,K_{1}(1400)^{-},False
20325,1819.0,12.0,12.0,264.0,34.0,34.0,1/2,5,-1,5,2.0,1,0.0,0.0,K(2)(1820)+,uS,K_{2}(1820)^{+},False
-20325,1819.0,12.0,12.0,264.0,34.0,34.0,1/2,5,-1,5,2.0,-1,0.0,0.0,K(2)(1820)-,Us,K_{2}(1820)^{-},False
20333,1426.3,0.9,0.9,54.5,2.6,2.6,0,1,1,1,0.0,0,0.0,0.0,f(1)(1420),x(uU+dD)+y(sS),f_{1}(1420),False
20423,2412.0,9.0,9.0,314.0,29.0,29.0,1/2,5,1,5,1.0,0,0.0,2.0,D(1)(2430)0,cU,D_{1}(2430)^{0},False
-20423,2412.0,9.0,9.0,314.0,29.0,29.0,1/2,5,1,5,1.0,0,0.0,2.0,D(1)(2430)~0,Cu,\overline{D}_{1}(2430)^{0},False
20433,2459.5,0.6,0.6,6.3,-1.0,-1.0,0,5,1,5,2.0,1,0.0,0.0,D(s1)(2460)+,cS,D_{s1}(2460)^{+},False
-20433,2459.5,0.6,0.6,6.3,-1.0,-1.0,0,5,1,5,2.0,-1,0.0,0.0,D(s1)(2460)-,Cs,D_{s1}(2460)^{-},False
20443,3510.67,0.05,0.05,0.84,0.04,0.04,0,1,1,1,0.0,0,0.0,0.0,chi(c1)(1P),cC,\chi_{c1}(1P),False
20553,9892.8,0.4,0.4,-1.0,-1.0,-1.0,0,1,1,1,0.0,0,0.0,0.0,chi(b1)(1P),bB,\chi_{b1}(1P),False
20555,10163.7,1.4,1.4,-1.0,-1.0,-1.0,0,-1,-1,-1,0.0,0,0.0,0.0,Upsilon(2)(1D),bB,\Upsilon_{2}(1D),False
21112,1900.0,50.0,50.0,300.0,100.0,100.0,3/2,5,1,5,1.0,-1,4.0,1.0,Delta(1910)-,ddd,\Delta(1910)^{-},False
-21112,1900.0,50.0,50.0,300.0,100.0,100.0,3/2,5,-1,5,1.0,1,4.0,1.0,Delta(1910)~+,DDD,\overline{\Delta}(1910)^{+},False
21114,1920.0,50.0,50.0,300.0,60.0,60.0,3/2,5,1,5,1.0,-1,3.0,1.0,Delta(1920)-,ddd,\Delta(1920)^{-},False
-21114,1920.0,50.0,50.0,300.0,60.0,60.0,3/2,5,-1,5,1.0,1,3.0,1.0,Delta(1920)~+,DDD,\overline{\Delta}(1920)^{+},False
21212,1900.0,50.0,50.0,300.0,100.0,100.0,3/2,5,1,5,1.0,0,4.0,1.0,Delta(1910)0,udd,\Delta(1910)^{0},False
-21212,1900.0,50.0,50.0,300.0,100.0,100.0,3/2,5,-1,5,1.0,0,4.0,1.0,Delta(1910)~0,UDD,\overline{\Delta}(1910)^{0},False
21214,1720.0,80.0,70.0,200.0,100.0,100.0,1/2,5,-1,5,1.0,0,3.0,1.0,N(1700)0,udd,N(1700)^{0},False
-21214,1720.0,80.0,70.0,200.0,100.0,100.0,1/2,5,1,5,1.0,0,3.0,1.0,N(1700)~0,UDD,\overline{N}(1700)^{0},False
22112,1530.0,15.0,15.0,150.0,25.0,25.0,1/2,5,-1,5,1.0,0,4.0,0.0,N(1535)0,udd,\Delta(1910)^{0},False
-22112,1530.0,15.0,15.0,150.0,25.0,25.0,1/2,5,1,5,1.0,0,4.0,0.0,N(1535)~0,UDD,\overline{\Delta}(1910)^{0},False
22114,1920.0,50.0,50.0,300.0,60.0,60.0,3/2,5,1,5,1.0,0,3.0,1.0,Delta(1920)0,udd,\Delta(1920)^{0},False
-22114,1920.0,50.0,50.0,300.0,60.0,60.0,3/2,5,-1,5,1.0,0,3.0,1.0,Delta(1920)~0,UDD,\overline{\Delta}(1920)^{0},False
22122,1900.0,50.0,50.0,300.0,100.0,100.0,3/2,5,1,5,1.0,1,4.0,1.0,Delta(1910)+,uud,\Delta(1910)^{+},False
-22122,1900.0,50.0,50.0,300.0,100.0,100.0,3/2,5,-1,5,1.0,-1,4.0,1.0,Delta(1910)~-,UUD,\overline{\Delta}(1910)^{-},False
22124,1720.0,80.0,70.0,200.0,100.0,100.0,1/2,5,-1,5,1.0,1,3.0,1.0,N(1700)+,uud,N(1700)^{+},False
-22124,1720.0,80.0,70.0,200.0,100.0,100.0,1/2,5,1,5,1.0,-1,3.0,1.0,N(1700)~-,UUD,\overline{N}(1700)^{-},False
22212,1530.0,15.0,15.0,150.0,25.0,25.0,1/2,5,-1,5,1.0,1,4.0,0.0,N(1535)+,uud,N(1535)^{+},False
-22212,1530.0,15.0,15.0,150.0,25.0,25.0,1/2,5,1,5,1.0,-1,4.0,0.0,N(1535)~-,UUD,\overline{N}(1535)^{-},False
22214,1920.0,50.0,50.0,300.0,60.0,60.0,3/2,5,1,5,1.0,1,3.0,1.0,Delta(1920)+,uud,\Delta(1920)^{+},False
-22214,1920.0,50.0,50.0,300.0,60.0,60.0,3/2,5,-1,5,1.0,-1,3.0,1.0,Delta(1920)~-,UUD,\overline{\Delta}(1920)^{-},False
22222,1900.0,50.0,50.0,300.0,100.0,100.0,3/2,5,1,5,1.0,2,4.0,1.0,Delta(1910)++,uuu,\Delta(1910)^{++},False
-22222,1900.0,50.0,50.0,300.0,100.0,100.0,3/2,5,-1,5,1.0,-2,4.0,1.0,Delta(1910)~--,UUU,\overline{\Delta}(1910)^{--},False
22224,1920.0,50.0,50.0,300.0,60.0,60.0,3/2,5,1,5,1.0,2,3.0,1.0,Delta(1920)++,uuu,\Delta(1920)^{++},False
-22224,1920.0,50.0,50.0,300.0,60.0,60.0,3/2,5,-1,5,1.0,-2,3.0,1.0,Delta(1920)~--,UUU,\overline{\Delta}(1920)^{--},False
23112,1750.0,50.0,50.0,150.0,50.0,50.0,1,5,-1,5,1.0,-1,3.0,1.0,Sigma(1750)-,dds,\Sigma(1750)^{-},False
-23112,1750.0,50.0,50.0,150.0,50.0,50.0,1,5,1,5,1.0,1,3.0,1.0,Sigma(1750)~+,DDS,\overline{\Sigma}(1750)^{+},False
23114,1910.0,40.0,40.0,220.0,80.0,70.0,1,5,-1,5,1.0,-1,3.0,1.0,Sigma(1910)-,dds,\Sigma(1940)^{-},False
-23114,1910.0,40.0,40.0,220.0,80.0,70.0,1,5,1,5,1.0,1,3.0,1.0,Sigma(1910)~+,DDS,\overline{\Sigma}(1940)^{+},False
23122,1600.0,30.0,30.0,200.0,50.0,50.0,0,5,1,5,1.0,0,3.0,1.0,Lambda(1600),uds,\Lambda(1600),False
-23122,1600.0,30.0,30.0,200.0,50.0,50.0,0,5,-1,5,1.0,0,3.0,1.0,Lambda(1600)~,UDS,\overline{\Lambda}(1600),False
23124,1890.0,20.0,20.0,120.0,40.0,40.0,0,5,1,5,1.0,0,4.0,1.0,Lambda(1890),uds,\Lambda(1890),False
-23124,1890.0,20.0,20.0,120.0,40.0,40.0,0,5,-1,5,1.0,0,4.0,1.0,Lambda(1890)~,UDS,\overline{\Lambda}(1890),False
23126,2090.0,40.0,40.0,250.0,50.0,50.0,0,5,1,5,1.0,0,3.0,1.0,Lambda(2110),uds,\Lambda(2110),False
-23126,2090.0,40.0,40.0,250.0,50.0,50.0,0,5,-1,5,1.0,0,3.0,1.0,Lambda(2110)~,UDS,\overline{\Lambda}(2110),False
23212,1750.0,50.0,50.0,150.0,50.0,50.0,1,5,-1,5,1.0,0,3.0,1.0,Sigma(1750)0,uds,\Sigma(1750)^{0},False
-23212,1750.0,50.0,50.0,150.0,50.0,50.0,1,5,1,5,1.0,0,3.0,1.0,Sigma(1750)~0,UDS,\overline{\Sigma}(1750)^{0},False
23214,1910.0,40.0,40.0,220.0,80.0,70.0,1,5,-1,5,1.0,0,3.0,1.0,Sigma(1910)0,uds,\Sigma(1940)^{0},False
-23214,1910.0,40.0,40.0,220.0,80.0,70.0,1,5,1,5,1.0,0,3.0,1.0,Sigma(1910)~0,UDS,\overline{\Sigma}(1940)^{0},False
23222,1750.0,50.0,50.0,150.0,50.0,50.0,1,5,-1,5,1.0,1,3.0,1.0,Sigma(1750)+,uus,\Sigma(1750)^{+},False
-23222,1750.0,50.0,50.0,150.0,50.0,50.0,1,5,1,5,1.0,-1,3.0,1.0,Sigma(1750)~-,UUS,\overline{\Sigma}(1750)^{-},False
23224,1910.0,40.0,40.0,220.0,80.0,70.0,1,5,-1,5,1.0,1,3.0,1.0,Sigma(1910)+,uus,\Sigma(1940)^{+},False
-23224,1910.0,40.0,40.0,220.0,80.0,70.0,1,5,1,5,1.0,-1,3.0,1.0,Sigma(1910)~-,UUS,\overline{\Sigma}(1940)^{-},False
30113,1720.0,20.0,20.0,250.0,100.0,100.0,1,1,-1,-1,0.0,0,0.0,0.0,rho(1700)0,(uU-dD)/sqrt(2),\rho(1700)^{0},False
30213,1720.0,20.0,20.0,250.0,100.0,100.0,1,1,-1,5,2.0,1,0.0,0.0,rho(1700)+,uD,\rho(1700)^{+},False
-30213,1720.0,20.0,20.0,250.0,100.0,100.0,1,1,-1,5,2.0,-1,0.0,0.0,rho(1700)-,Ud,\rho(1700)^{-},False
30223,1670.0,30.0,30.0,315.0,35.0,35.0,0,-1,-1,-1,0.0,0,0.0,0.0,omega(1650),x(uU+dD)+y(sS),\omega(1650),False
30313,1718.0,18.0,18.0,320.0,110.0,110.0,1/2,5,-1,5,1.0,0,0.0,0.0,K*(1680)0,dS,K^{*}(1680)^{0},False
-30313,1718.0,18.0,18.0,320.0,110.0,110.0,1/2,5,-1,5,1.0,0,0.0,0.0,K*(1680)~0,Ds,\overline{K}^{*}(1680)^{0},False
30323,1718.0,18.0,18.0,320.0,110.0,110.0,1/2,5,-1,5,2.0,1,0.0,0.0,K*(1680)+,uS,K^{*}(1680)^{+},False
-30323,1718.0,18.0,18.0,320.0,110.0,110.0,1/2,5,-1,5,2.0,-1,0.0,0.0,K*(1680)-,Us,K^{*}(1680)^{-},False
30443,3773.7,0.4,0.4,27.2,1.0,1.0,0,-1,-1,-1,0.0,0,0.0,0.0,psi(3770),cC,\psi(3770),False
31114,1570.0,70.0,70.0,250.0,50.0,50.0,3/2,5,1,5,1.0,-1,3.0,0.0,Delta(1600)-,ddd,\Delta(1600)^{-},False
-31114,1570.0,70.0,70.0,250.0,50.0,50.0,3/2,5,-1,5,1.0,1,3.0,0.0,Delta(1600)~+,DDD,\overline{\Delta}(1600)^{+},False
31214,1720.0,30.0,40.0,250.0,150.0,100.0,1/2,5,1,5,1.0,0,4.0,1.0,N(1720)0,udd,N(1720)^{0},False
-31214,1720.0,30.0,40.0,250.0,150.0,100.0,1/2,5,-1,5,1.0,0,4.0,1.0,N(1720)~0,UDD,\overline{N}(1720)^{0},False
32112,1650.0,15.0,15.0,125.0,25.0,25.0,1/2,5,-1,5,1.0,0,4.0,1.0,N(1650)0,udd,N(1650)^{0},False
-32112,1650.0,15.0,15.0,125.0,25.0,25.0,1/2,5,1,5,1.0,0,4.0,1.0,N(1650)~0,UDD,\overline{N}(1650)^{0},False
32114,1570.0,70.0,70.0,250.0,50.0,50.0,3/2,5,1,5,1.0,0,3.0,0.0,Delta(1600)0,udd,\Delta(1600)^{0},False
-32114,1570.0,70.0,70.0,250.0,50.0,50.0,3/2,5,-1,5,1.0,0,3.0,0.0,Delta(1600)~0,UDD,\overline{\Delta}(1600)^{0},False
32124,1720.0,30.0,40.0,250.0,150.0,100.0,1/2,5,1,5,1.0,1,4.0,1.0,N(1720)+,uud,N(1720)^{+},False
-32124,1720.0,30.0,40.0,250.0,150.0,100.0,1/2,5,-1,5,1.0,-1,4.0,1.0,N(1720)~-,UUD,\overline{N}(1720)^{-},False
32212,1650.0,15.0,15.0,125.0,25.0,25.0,1/2,5,-1,5,1.0,1,4.0,1.0,N(1650)+,uud,N(1650)^{+},False
-32212,1650.0,15.0,15.0,125.0,25.0,25.0,1/2,5,1,5,1.0,-1,4.0,1.0,N(1650)~-,UUD,\overline{N}(1650)^{-},False
32214,1570.0,70.0,70.0,250.0,50.0,50.0,3/2,5,1,5,1.0,1,3.0,0.0,Delta(1600)+,uud,\Delta(1600)^{+},False
-32214,1570.0,70.0,70.0,250.0,50.0,50.0,3/2,5,-1,5,1.0,-1,3.0,0.0,Delta(1600)~-,UUD,\overline{\Delta}(1600)^{-},False
32224,1570.0,70.0,70.0,250.0,50.0,50.0,3/2,5,1,5,1.0,2,3.0,0.0,Delta(1600)++,uuu,\Delta(1600)^{++},False
-32224,1570.0,70.0,70.0,250.0,50.0,50.0,3/2,5,-1,5,1.0,-2,3.0,0.0,Delta(1600)~--,UUU,\overline{\Delta}(1600)^{--},False
33122,1674.0,4.0,4.0,30.0,5.0,5.0,0,5,-1,5,1.0,0,4.0,1.0,Lambda(1670),uds,\Lambda(1670),False
-33122,1674.0,4.0,4.0,30.0,5.0,5.0,0,5,1,5,1.0,0,4.0,1.0,Lambda(1670)~,UDS,\overline{\Lambda}(1670),False
42112,1710.0,30.0,30.0,140.0,60.0,60.0,1/2,5,1,5,1.0,0,3.0,1.0,N(1710)0,udd,N(1710)^{0},False
-42112,1710.0,30.0,30.0,140.0,60.0,60.0,1/2,5,-1,5,1.0,0,3.0,1.0,N(1710)~0,UDD,\overline{N}(1710)^{0},False
42212,1710.0,30.0,30.0,140.0,60.0,60.0,1/2,5,1,5,1.0,1,3.0,1.0,N(1710)+,uud,N(1710)^{+},False
-42212,1710.0,30.0,30.0,140.0,60.0,60.0,1/2,5,-1,5,1.0,-1,3.0,1.0,N(1710)~-,UUD,\overline{N}(1710)^{-},False
43122,1800.0,50.0,50.0,200.0,50.0,50.0,0,5,-1,5,1.0,0,3.0,1.0,Lambda(1800),uds,\Lambda(1800),False
-43122,1800.0,50.0,50.0,200.0,50.0,50.0,0,5,1,5,1.0,0,3.0,1.0,Lambda(1800)~,UDS,\overline{\Lambda}(1800),False
53122,1790.0,50.0,50.0,110.0,60.0,60.0,0,5,1,5,1.0,0,3.0,1.0,Lambda(1810),uds,\Lambda(1810),False
-53122,1790.0,50.0,50.0,110.0,60.0,60.0,0,5,-1,5,1.0,0,3.0,1.0,Lambda(1810)~,UDS,\overline{\Lambda}(1810),False
100111,1300.0,100.0,100.0,400.0,200.0,200.0,1,-1,-1,1,0.0,0,0.0,0.0,pi(1300)0,(uU-dD)/sqrt(2),\pi(1300)^{0},False
100113,1465.0,25.0,25.0,400.0,60.0,60.0,1,1,-1,-1,0.0,0,0.0,0.0,rho(1450)0,(uU-dD)/sqrt(2),\rho(1450)^{0},False
100211,1300.0,100.0,100.0,400.0,200.0,200.0,1,-1,-1,5,2.0,1,0.0,0.0,pi(1300)+,uD,\pi(1300)^{+},False
-100211,1300.0,100.0,100.0,400.0,200.0,200.0,1,-1,-1,5,2.0,-1,0.0,0.0,pi(1300)-,Ud,\pi(1300)^{-},False
100213,1465.0,25.0,25.0,400.0,60.0,60.0,1,1,-1,5,2.0,1,0.0,0.0,rho(1450)+,uD,\rho(1450)^{+},False
-100213,1465.0,25.0,25.0,400.0,60.0,60.0,1,1,-1,5,2.0,-1,0.0,0.0,rho(1450)-,Ud,\rho(1450)^{-},False
100221,1294.0,4.0,4.0,55.0,5.0,5.0,0,1,-1,1,0.0,0,0.0,0.0,eta(1295),x(uU+dD)+y(sS),\eta(1295),False
100313,1414.0,15.0,15.0,232.0,21.0,21.0,1/2,5,-1,5,1.0,0,0.0,0.0,K*(1410)0,dS,K^{*}(1410)^{0},False
-100313,1414.0,15.0,15.0,232.0,21.0,21.0,1/2,5,-1,5,1.0,0,0.0,0.0,K*(1410)~0,Ds,\overline{K}^{*}(1410)^{0},False
100321,-1.0,-1.0,-1.0,-1.0,-1.0,-1.0,1/2,5,5,5,2.0,1,0.0,2.0,K(1460)+,uS,K(1460)^{+},False
-100321,-1.0,-1.0,-1.0,-1.0,-1.0,-1.0,1/2,5,5,5,2.0,-1,0.0,2.0,K(1460)-,Us,K(1460)^{-},False
100323,1414.0,15.0,15.0,232.0,21.0,21.0,1/2,5,-1,5,2.0,1,0.0,0.0,K*(1410)+,uS,K^{*}(1410)^{+},False
-100323,1414.0,15.0,15.0,232.0,21.0,21.0,1/2,5,-1,5,2.0,-1,0.0,0.0,K*(1410)-,Us,K^{*}(1410)^{-},False
100331,1475.0,4.0,4.0,90.0,9.0,9.0,0,1,-1,1,0.0,0,0.0,0.0,eta(1475),x(uU+dD)+y(sS),\eta(1475),False
100333,1680.0,20.0,20.0,150.0,50.0,50.0,0,-1,-1,-1,0.0,0,0.0,0.0,phi(1680),x(uU+dD)+y(sS),\phi(1680),False
100441,3637.5,1.1,1.1,11.3,3.2,2.9,0,1,-1,1,0.0,0,0.0,0.0,eta(c)(2S),cC,\eta_{c}(2S),False
100443,3686.1,0.06,0.06,0.294,0.008,0.008,0,-1,-1,-1,0.0,0,0.0,0.0,psi(2S),cC,\psi(2S),False
100445,3922.5,1.0,1.0,35.2,2.2,2.2,0,1,1,1,0.0,0,0.0,2.0,chi(c2)(3930),cC,\chi_{c2}(2P),False
100553,10023.26,0.31,0.31,0.032,0.0026,0.0026,0,-1,-1,-1,0.0,0,0.0,0.0,Upsilon(2S),bB,\Upsilon(2S),False
100555,10268.6,0.5,0.5,-1.0,-1.0,-1.0,0,1,1,1,0.0,0,0.0,0.0,chi(b2)(2P),bB,\chi_{b2}(2P),False
103316,1950.0,15.0,15.0,60.0,20.0,20.0,1/2,5,5,5,1.0,-1,3.0,1.0,Xi(1950)-,dss,\Xi(1950)^{-},False
-103316,1950.0,15.0,15.0,60.0,20.0,20.0,1/2,5,5,5,1.0,1,3.0,1.0,Xi(1950)~+,DSS,\overline{\Xi}(1950)^{+},False
103326,1950.0,15.0,15.0,60.0,20.0,20.0,1/2,5,5,5,1.0,0,3.0,1.0,Xi(1950)0,uss,\Xi(1950)^{0},False
-103326,1950.0,15.0,15.0,60.0,20.0,20.0,1/2,5,5,5,1.0,0,3.0,1.0,Xi(1950)~0,USS,\overline{\Xi}(1950)^{0},False
104122,2628.11,0.19,0.19,-1.0,-1.0,-1.0,0,5,-1,5,1.0,1,3.0,0.0,Lambda(c)(2625)+,udc,\Lambda_{c}(2625)^{+},False
-104122,2628.11,0.19,0.19,-1.0,-1.0,-1.0,0,5,1,5,1.0,-1,3.0,0.0,Lambda(c)(2625)~-,UDC,\overline{\Lambda}_{c}(2625)^{-},False
104312,2819.79,0.3,0.3,2.54,0.25,0.25,1/2,5,-1,5,1.0,0,3.0,0.0,Xi(c)(2815)0,dsc,\Xi_{c}(2815)^{0},False
-104312,2819.79,0.3,0.3,2.54,0.25,0.25,1/2,5,1,5,1.0,0,3.0,0.0,Xi(c)(2815)~0,DSC,\overline{\Xi}_{c}(2815)^{0},False
104314,2793.9,0.5,0.5,10.0,1.1,1.1,1/2,5,-1,5,1.0,0,3.0,0.0,Xi(c)(2790)0,dsc,\Xi_{c}(2790)^{0},False
-104314,2793.9,0.5,0.5,10.0,1.1,1.1,1/2,5,1,5,1.0,0,3.0,0.0,Xi(c)(2790)~0,DSC,\overline{\Xi}_{c}(2790)^{0},False
104322,2816.51,0.25,0.25,2.43,0.26,0.26,1/2,5,-1,5,1.0,1,3.0,0.0,Xi(c)(2815)+,usc,\Xi_{c}(2815)^{+},False
-104322,2816.51,0.25,0.25,2.43,0.26,0.26,1/2,5,1,5,1.0,-1,3.0,0.0,Xi(c)(2815)~-,USC,\overline{\Xi}_{c}(2815)^{-},False
104324,2791.9,0.5,0.5,8.9,1.0,1.0,1/2,5,-1,5,1.0,1,3.0,0.0,Xi(c)(2790)+,usc,\Xi_{c}(2790)^{+},False
-104324,2791.9,0.5,0.5,8.9,1.0,1.0,1/2,5,1,5,1.0,-1,3.0,0.0,Xi(c)(2790)~-,USC,\overline{\Xi}_{c}(2790)^{-},False
110551,10232.5,0.6,0.6,-1.0,-1.0,-1.0,0,1,1,1,0.0,0,0.0,0.0,chi(b0)(2P),bB,\chi_{b0}(2P),False
120553,10255.5,0.5,0.5,-1.0,-1.0,-1.0,0,1,1,1,0.0,0,0.0,0.0,chi(b1)(2P),bB,\chi_{b1}(2P),False
200553,10355.2,0.5,0.5,0.0203,0.0019,0.0019,0,-1,-1,-1,0.0,0,0.0,0.0,Upsilon(3S),bB,\Upsilon(3S),False
203312,1690.0,10.0,10.0,-1.0,-1.0,-1.0,1/2,5,5,5,1.0,-1,3.0,1.0,Xi(1690)-,dss,\Xi(1690)^{-},False
-203312,1690.0,10.0,10.0,-1.0,-1.0,-1.0,1/2,5,5,5,1.0,1,3.0,1.0,Xi(1690)~+,DSS,\overline{\Xi}(1690)^{+},False
203316,2025.0,5.0,5.0,20.0,15.0,5.0,1/2,5,5,5,1.0,-1,3.0,1.0,Xi(2030)-,dss,\Xi(2030)^{-},False
-203316,2025.0,5.0,5.0,20.0,15.0,5.0,1/2,5,5,5,1.0,1,3.0,1.0,Xi(2030)~+,DSS,\overline{\Xi}(2030)^{+},False
203322,1690.0,10.0,10.0,-1.0,-1.0,-1.0,1/2,5,5,5,1.0,0,3.0,1.0,Xi(1690)0,uss,\Xi(1690)^{0},False
-203322,1690.0,10.0,10.0,-1.0,-1.0,-1.0,1/2,5,5,5,1.0,0,3.0,1.0,Xi(1690)~0,USS,\overline{\Xi}(1690)^{0},False
203326,2025.0,5.0,5.0,20.0,15.0,5.0,1/2,5,5,5,1.0,0,3.0,1.0,Xi(2030)0,uss,\Xi(2030)^{0},False
-203326,2025.0,5.0,5.0,20.0,15.0,5.0,1/2,5,5,5,1.0,0,3.0,1.0,Xi(2030)~0,USS,\overline{\Xi}(2030)^{0},False
203338,2252.0,9.0,9.0,55.0,18.0,18.0,0,5,5,5,1.0,-1,3.0,0.0,Omega(2250)-,sss,\Omega(2250)^{-},False
-203338,2252.0,9.0,9.0,55.0,18.0,18.0,0,5,5,5,1.0,1,3.0,0.0,Omega(2250)~+,SSS,\overline{\Omega}(2250)^{+},False
204126,2881.63,0.24,0.24,5.6,0.8,0.6,0,5,1,5,1.0,1,3.0,0.0,Lambda(c)(2880)+,udc,\Lambda_{c}(2880)^{+},False
-204126,2881.63,0.24,0.24,5.6,0.8,0.6,0,5,-1,5,1.0,-1,3.0,0.0,Lambda(c)(2880)~-,UDC,\overline{\Lambda}_{c}(2880)^{-},False
300553,10579.4,1.2,1.2,20.5,2.5,2.5,0,-1,-1,-1,0.0,0,0.0,0.0,Upsilon(4S),bB,\Upsilon(4S),False
1000223,1410.0,60.0,60.0,290.0,190.0,190.0,0,-1,-1,-1,0.0,0,0.0,0.0,omega(1420),x(uU+dD)+y(sS),\omega(1420),False
9000111,980.0,20.0,20.0,75.0,25.0,25.0,1,-1,1,1,0.0,0,0.0,0.0,a(0)(980)0,Maybe non-qQ,a_{0}(980)^{0},False
9000113,1354.0,25.0,25.0,330.0,35.0,35.0,1,-1,-1,1,0.0,0,0.0,0.0,pi(1)(1400)0,Maybe non-qQ,\pi_{1}(1400)^{0},False
9000115,1700.0,40.0,40.0,270.0,60.0,60.0,1,-1,1,1,0.0,0,0.0,2.0,a(2)(1700)0,(uU-dD)/sqrt(2),a_{2}(1700)^{0},False
9000211,980.0,20.0,20.0,75.0,25.0,25.0,1,-1,1,5,2.0,1,0.0,0.0,a(0)(980)+,Maybe non-qQ,a_{0}(980)^{+},False
-9000211,980.0,20.0,20.0,75.0,25.0,25.0,1,-1,1,5,2.0,-1,0.0,0.0,a(0)(980)-,Maybe non-qq,a_{0}(980)^{-},False
9000213,1354.0,25.0,25.0,330.0,35.0,35.0,1,-1,-1,5,2.0,1,0.0,0.0,pi(1)(1400)+,Maybe non-qQ,\pi_{1}(1400)^{+},False
-9000213,1354.0,25.0,25.0,330.0,35.0,35.0,1,-1,-1,5,2.0,-1,0.0,0.0,pi(1)(1400)-,Maybe non-qq,\pi_{1}(1400)^{-},False
9000215,1700.0,40.0,40.0,270.0,60.0,60.0,1,-1,-1,5,2.0,1,0.0,2.0,a(2)(1700)+,uD,a_{2}(1700)^{+},False
-9000215,1700.0,40.0,40.0,270.0,60.0,60.0,1,-1,-1,5,2.0,-1,0.0,2.0,a(2)(1700)-,Ud,a_{2}(1700)^{-},False
9000221,600.0,200.0,200.0,450.0,350.0,350.0,0,1,1,1,0.0,0,0.0,0.0,f(0)(500),Maybe non-qQ,f_{0}(500),False
9000311,845.0,17.0,17.0,468.0,30.0,30.0,1/2,5,1,5,1.0,0,0.0,2.0,K(0)*(700)0,dS,K_{0}^{*}(700)^{0},False
-9000311,845.0,17.0,17.0,468.0,30.0,30.0,1/2,5,1,5,1.0,0,0.0,2.0,K(0)*(700)~0,Ds,\overline{K}_{0}^{*}(700)^{0},False
9000313,1670.0,50.0,50.0,160.0,50.0,50.0,1/2,5,1,5,1.0,0,0.0,2.0,K(1)(1650)0,dS,K_{1}(1650)^{0},False
-9000313,1670.0,50.0,50.0,160.0,50.0,50.0,1/2,5,1,5,1.0,0,0.0,2.0,K(1)(1650)~0,Ds,\overline{K}_{1}(1650)^{0},False
9000321,845.0,17.0,17.0,468.0,30.0,30.0,1/2,5,1,5,2.0,1,0.0,2.0,K(0)*(700)+,uS,K_{0}^{*}(700)^{+},False
-9000321,845.0,17.0,17.0,468.0,30.0,30.0,1/2,5,1,5,2.0,-1,0.0,2.0,K(0)*(700)-,Us,K_{0}^{*}(700)^{-},False
9000323,1670.0,50.0,50.0,160.0,50.0,50.0,1/2,5,5,5,2.0,1,0.0,2.0,K(1)(1650)+,uS,K_{1}(1650)^{+},False
-9000323,1670.0,50.0,50.0,160.0,50.0,50.0,1/2,5,5,5,2.0,-1,0.0,2.0,K(1)(1650)-,Us,K_{1}(1650)^{-},False
9000325,-1.0,-1.0,-1.0,-1.0,-1.0,-1.0,1/2,5,5,5,2.0,1,0.0,2.0,K(2)(1580)+,uS,K_{2}(1580)^{+},False
-9000325,-1.0,-1.0,-1.0,-1.0,-1.0,-1.0,1/2,5,5,5,2.0,-1,0.0,2.0,K(2)(1580)-,Us,K_{2}(1580)^{-},False
9000329,-1.0,-1.0,-1.0,-1.0,-1.0,-1.0,1/2,5,5,5,2.0,1,0.0,2.0,K(4)(2500)+,uS,K_{4}(2500)^{+},False
-9000329,-1.0,-1.0,-1.0,-1.0,-1.0,-1.0,1/2,5,5,5,2.0,-1,0.0,2.0,K(4)(2500)-,Us,K_{4}(2500)^{-},False
9000443,4039.0,1.0,1.0,80.0,10.0,10.0,0,-1,-1,-1,0.0,0,0.0,0.0,psi(4040),cC,\psi(4040),False
9000553,10885.2,2.6,1.6,37.0,4.0,4.0,0,-1,-1,-1,0.0,0,0.0,0.0,Upsilon(10860),bB,\Upsilon(10860),False
9010111,1810.0,9.0,11.0,215.0,7.0,8.0,1,-1,-1,1,0.0,0,0.0,0.0,pi(1800)0,(uU-dD)/sqrt(2),\pi(1800)^{0},False
9010113,1661.0,15.0,11.0,240.0,50.0,50.0,1,-1,-1,1,0.0,0,0.0,0.0,pi(1)(1600)0,Maybe non-qQ,\pi_{1}(1600)^{0},False
9010211,1810.0,9.0,11.0,215.0,7.0,8.0,1,-1,-1,5,2.0,1,0.0,0.0,pi(1800)+,uD,\pi(1800)^{+},False
-9010211,1810.0,9.0,11.0,215.0,7.0,8.0,1,-1,-1,5,2.0,-1,0.0,0.0,pi(1800)-,Ud,\pi(1800)^{-},False
9010213,1661.0,15.0,11.0,240.0,50.0,50.0,1,-1,-1,5,2.0,1,0.0,0.0,pi(1)(1600)+,Maybe non-qQ,\pi_{1}(1600)^{+},False
-9010213,1661.0,15.0,11.0,240.0,50.0,50.0,1,-1,-1,5,2.0,-1,0.0,0.0,pi(1)(1600)-,Maybe non-qq,\pi_{1}(1600)^{-},False
9010221,990.0,20.0,20.0,60.0,50.0,50.0,0,1,1,1,0.0,0,0.0,0.0,f(0)(980),Maybe non-qQ,f_{0}(980),False
9010315,1990.0,60.0,50.0,349.0,50.0,30.0,1/2,5,5,5,1.0,0,0.0,2.0,K(2)*(1980)0,dS,K_{2}^{*}(1980)^{0},False
-9010315,1990.0,60.0,50.0,349.0,50.0,30.0,1/2,5,5,5,1.0,0,0.0,2.0,K(2)*(1980)~0,Ds,\overline{K}_{2}^{*}(1980)^{0},False
9010321,-1.0,-1.0,-1.0,-1.0,-1.0,-1.0,1/2,5,5,5,2.0,1,0.0,2.0,K(1830)+,uS,K(1830)^{+},False
-9010321,-1.0,-1.0,-1.0,-1.0,-1.0,-1.0,1/2,5,5,5,2.0,-1,0.0,2.0,K(1830)-,Us,K(1830)^{-},False
9010325,1990.0,60.0,50.0,349.0,50.0,30.0,1/2,5,5,5,2.0,1,0.0,2.0,K(2)*(1980)+,uS,K_{2}^{*}(1980)^{+},False
-9010325,1990.0,60.0,50.0,349.0,50.0,30.0,1/2,5,5,5,2.0,-1,0.0,2.0,K(2)*(1980)-,Us,K_{2}^{*}(1980)^{-},False
9010327,-1.0,-1.0,-1.0,-1.0,-1.0,-1.0,1/2,5,5,5,2.0,1,0.0,2.0,K(3)(2320)+,uS,K_{3}(2320)^{+},False
-9010327,-1.0,-1.0,-1.0,-1.0,-1.0,-1.0,1/2,5,5,5,2.0,-1,0.0,2.0,K(3)(2320)-,Us,K_{3}(2320)^{-},False
9010443,4191.0,5.0,5.0,70.0,10.0,10.0,0,-1,-1,-1,0.0,0,0.0,0.0,psi(4160),cC,\psi(4160),False
9010553,11000.0,4.0,4.0,24.0,8.0,6.0,0,-1,-1,-1,0.0,0,0.0,0.0,Upsilon(11020),bB,\Upsilon(11020),False
9020113,1655.0,16.0,16.0,250.0,40.0,40.0,1,-1,1,1,0.0,0,0.0,2.0,a(1)(1640)0,(uU-dD)/sqrt(2),a_{1}(1640)^{0},False
9020213,1655.0,16.0,16.0,250.0,40.0,40.0,1,-1,1,5,2.0,1,0.0,2.0,a(1)(1640)+,uD,a_{1}(1640)^{+},False
-9020213,1655.0,16.0,16.0,250.0,40.0,40.0,1,-1,1,5,2.0,-1,0.0,2.0,a(1)(1640)-,Ud,a_{1}(1640)^{-},False
9020221,1408.8,2.0,2.0,50.1,2.6,2.6,0,1,-1,1,0.0,0,0.0,0.0,eta(1405),x(uU+dD)+y(sS),\eta(1405),False
9020321,-1.0,-1.0,-1.0,-1.0,-1.0,-1.0,1/2,5,5,5,2.0,1,0.0,2.0,K(0)*(1950)+,uS,K_{0}^{*}(1950)^{+},False
-9020321,-1.0,-1.0,-1.0,-1.0,-1.0,-1.0,1/2,5,5,5,2.0,-1,0.0,2.0,K(0)*(1950)-,Us,K_{0}^{*}(1950)^{-},False
9020325,-1.0,-1.0,-1.0,-1.0,-1.0,-1.0,1/2,5,5,5,2.0,1,0.0,2.0,K(2)(2250)+,uS,K_{2}(2250)^{+},False
-9020325,-1.0,-1.0,-1.0,-1.0,-1.0,-1.0,1/2,5,5,5,2.0,-1,0.0,2.0,K(2)(2250)-,Us,K_{2}(2250)^{-},False
9020443,4421.0,4.0,4.0,62.0,20.0,20.0,0,-1,-1,-1,0.0,0,0.0,0.0,psi(4415),cC,\psi(4415),False
9030221,1506.0,6.0,6.0,112.0,9.0,9.0,0,1,1,1,0.0,0,0.0,0.0,f(0)(1500),Maybe non-qQ,f_{0}(1500),False
9050225,1936.0,12.0,12.0,464.0,24.0,24.0,0,1,1,1,0.0,0,0.0,0.0,f(2)(1950),x(uU+dD)+y(sS),f_{2}(1950),False
9060225,2010.0,60.0,80.0,200.0,60.0,60.0,0,1,1,1,0.0,0,0.0,0.0,f(2)(2010),x(uU+dD)+y(sS),f_{2}(2010),False
9080225,2297.0,28.0,28.0,150.0,40.0,40.0,0,1,1,1,0.0,0,0.0,0.0,f(2)(2300),x(uU+dD)+y(sS),f_{2}(2300),False
9090225,2350.0,50.0,40.0,320.0,70.0,60.0,0,1,1,1,0.0,0,0.0,0.0,f(2)(2340),x(uU+dD)+y(sS),f_{2}(2340),False
-1000822080,193729.02,,,0.0,,,,,,,,82,,,208Pb,,,True
-1000791970,183473.19,,,0.0,,,,,,,,79,,,197Au,,,True
-1000541290,120046.45,,,0.0,,,,,,,,54,,,129Xe,,,True
-1000290630,58618.646,,,0.0,,,,,,,,29,,,63Cu,,,True
-1000080160,14899.168,,,0.0,,,,,,,,8,,,16O,,,True
-1000060120,11177.929,,,0.0,,,,,,,,6,,,12C,,,True
-1000030060,5603.051200000001,,,0.0,,,,,,,,3,,,6Li,,,True
-1000020040,3728.4,,,0.0,,,,,,,,2,,,4He,,,True
-1000010020,1876.0,,,0.0,,,,,,,,1,,,2H,,,True
-9902210,0.0,,,0.0,,,,,,,,1,,,p_diffr+,,,True
-9902110,0.0,,,0.0,,,,,,,,0,,,n_diffr0,,,True
-9900210,0.0,,,0.0,,,,,,,,1,,,pi_diffr+,,,True
-9900042,200000.0,,,880.01,,,,,,,,2,,,H_R++,,,True
-9900041,200000.0,,,881.59,,,,,,,,2,,,H_L++,,,True
-9900024,750000.0,,,21749.16,,,,,,,,1,,,W_R+,,,True
-4900213,10000.0,,,0.0,,,,,,,,0,,,rhovUp,,,True
-4900211,10000.0,,,0.0,,,,,,,,0,,,pivUp,,,True
-4900101,100000.0,,,0.0,,,,,,,,0,,,qv,,,True
-4900016,400000.0,,,1000.0,,,,,,,,0,,,nuTAUv,,,True
-4900015,400000.0,,,1000.0,,,,,,,,-1,,,TAUv,,,True
-4900014,400000.0,,,1000.0,,,,,,,,0,,,nuMUv,,,True
-4900013,400000.0,,,1000.0,,,,,,,,-1,,,MUv,,,True
-4900012,400000.0,,,1000.0,,,,,,,,0,,,nuEv,,,True
-4900011,400000.0,,,1000.0,,,,,,,,-1,,,Ev,,,True
-4900006,400000.0,,,1000.0,,,,,,,,2/3,,,Tv,,,True
-4900005,400000.0,,,1000.0,,,,,,,,-1/3,,,Bv,,,True
-4900004,400000.0,,,1000.0,,,,,,,,2/3,,,Cv,,,True
-4900003,400000.0,,,1000.0,,,,,,,,-1/3,,,Sv,,,True
-4900002,400000.0,,,1000.0,,,,,,,,2/3,,,Uv,,,True
-4900001,400000.0,,,1000.0,,,,,,,,-1/3,,,Dv,,,True
-4000016,400000.0,,,419.12,,,,,,,,0,,,nu*_tau0,,,True
-4000015,400000.0,,,428.96000000000004,,,,,,,,-1,,,tau*-,,,True
-4000014,400000.0,,,419.12,,,,,,,,0,,,nu*_mu0,,,True
-4000013,400000.0,,,428.96000000000004,,,,,,,,-1,,,mu*-,,,True
-4000012,400000.0,,,419.12,,,,,,,,0,,,nu*_e0,,,True
-4000011,400000.0,,,428.96000000000004,,,,,,,,-1,,,e*-,,,True
-4000006,400000.0,,,2596.87,,,,,,,,2/3,,,t*,,,True
-4000005,400000.0,,,2593.5899999999997,,,,,,,,-1/3,,,b*,,,True
-4000004,400000.0,,,2596.87,,,,,,,,2/3,,,c*,,,True
-4000003,400000.0,,,2593.5899999999997,,,,,,,,-1/3,,,s*,,,True
-4000002,400000.0,,,2596.87,,,,,,,,2/3,,,u*,,,True
-4000001,400000.0,,,2593.5899999999997,,,,,,,,-1/3,,,d*,,,True
-3000213,210000.0,,,623.95,,,,,,,,1,,,rho_tc+,,,True
-3000211,110000.0,,,17.41,,,,,,,,1,,,pi_tc+,,,True
-2000016,500000.0,,,0.0,,,,,,,,0,,,~nu_tauR,,,True
-2000015,500000.0,,,1000.0,,,,,,,,-1,,,~tau_2-,,,True
-2000014,500000.0,,,0.0,,,,,,,,0,,,~nu_muR,,,True
-2000013,500000.0,,,1000.0,,,,,,,,-1,,,~mu_R-,,,True
-2000012,500000.0,,,0.0,,,,,,,,0,,,~nu_eR,,,True
-2000011,500000.0,,,1000.0,,,,,,,,-1,,,~e_R-,,,True
-2000006,500000.0,,,1000.0,,,,,,,,2/3,,,~t_2,,,True
-2000005,500000.0,,,1000.0,,,,,,,,-1/3,,,~b_2,,,True
-2000004,500000.0,,,1000.0,,,,,,,,2/3,,,~c_R,,,True
-2000003,500000.0,,,1000.0,,,,,,,,-1/3,,,~s_R,,,True
-2000002,500000.0,,,1000.0,,,,,,,,2/3,,,~u_R,,,True
-2000001,500000.0,,,1000.0,,,,,,,,-1/3,,,~d_R,,,True
-1095334,500000.0,,,0.0,,,,,,,,-1,,,R-(~g bss),,,True
-1095324,500000.0,,,0.0,,,,,,,,0,,,R0(~g bsu),,,True
-1095314,500000.0,,,0.0,,,,,,,,-1,,,R-(~g bsd),,,True
-1095224,500000.0,,,0.0,,,,,,,,1,,,R+(~g buu),,,True
-1095214,500000.0,,,0.0,,,,,,,,0,,,R0(~g bud),,,True
-1095114,500000.0,,,0.0,,,,,,,,-1,,,R-(~g bdd),,,True
-1094334,500000.0,,,0.0,,,,,,,,0,,,R0(~g css),,,True
-1094324,500000.0,,,0.0,,,,,,,,1,,,R+(~g csu),,,True
-1094314,500000.0,,,0.0,,,,,,,,0,,,R0(~g csd),,,True
-1094224,500000.0,,,0.0,,,,,,,,2,,,R++(~g cuu),,,True
-1094214,500000.0,,,0.0,,,,,,,,1,,,R+(~g cud),,,True
-1094114,500000.0,,,0.0,,,,,,,,0,,,R0(~g cdd),,,True
-1093334,500000.0,,,0.0,,,,,,,,-1,,,R-(~g sss),,,True
-1093324,500000.0,,,0.0,,,,,,,,0,,,R0(~g ssu),,,True
-1093314,500000.0,,,0.0,,,,,,,,-1,,,R-(~g ssd),,,True
-1093224,500000.0,,,0.0,,,,,,,,1,,,R+(~g suu),,,True
-1093214,500000.0,,,0.0,,,,,,,,0,,,R0(~g sud),,,True
-1093114,500000.0,,,0.0,,,,,,,,-1,,,R-(~g sdd),,,True
-1092224,500000.0,,,0.0,,,,,,,,2,,,R++(~g uuu),,,True
-1092214,500000.0,,,0.0,,,,,,,,1,,,R+(~g uud),,,True
-1092114,500000.0,,,0.0,,,,,,,,0,,,R0(~g udd),,,True
-1091114,500000.0,,,0.0,,,,,,,,-1,,,R-(~g ddd),,,True
-1009543,500000.0,,,0.0,,,,,,,,1,,,R+(~g c bbar),,,True
-1009533,500000.0,,,0.0,,,,,,,,0,,,R0(~g s bbar),,,True
-1009523,500000.0,,,0.0,,,,,,,,1,,,R+(~g u bbar),,,True
-1009513,500000.0,,,0.0,,,,,,,,0,,,R0(~g d bbar),,,True
-1009433,500000.0,,,0.0,,,,,,,,1,,,R+(~g c sbar),,,True
-1009423,500000.0,,,0.0,,,,,,,,0,,,R0(~g c ubar),,,True
-1009413,500000.0,,,0.0,,,,,,,,1,,,R+(~g c dbar),,,True
-1009323,500000.0,,,0.0,,,,,,,,1,,,R+(~g u sbar),,,True
-1009313,500000.0,,,0.0,,,,,,,,0,,,R0(~g d sbar),,,True
-1009213,500000.0,,,0.0,,,,,,,,1,,,R+(~g u dbar),,,True
-1009002,500000.0,,,0.0,,,,,,,,0,,,Rtemp(~g q),,,True
-1006333,500000.0,,,0.0,,,,,,,,0,,,R0(~t ss1),,,True
-1006323,500000.0,,,0.0,,,,,,,,1,,,R0(~t su1),,,True
-1006321,500000.0,,,0.0,,,,,,,,1,,,R0(~t su0),,,True
-1006313,500000.0,,,0.0,,,,,,,,0,,,R-(~t sd1),,,True
-1006311,500000.0,,,0.0,,,,,,,,0,,,R-(~t sd0),,,True
-1006223,500000.0,,,0.0,,,,,,,,2,,,R++(~t uu1),,,True
-1006213,500000.0,,,0.0,,,,,,,,1,,,R+(~t ud1),,,True
-1006211,500000.0,,,0.0,,,,,,,,1,,,R+(~t ud0),,,True
-1006113,500000.0,,,0.0,,,,,,,,0,,,R0(~t dd1),,,True
-1005333,500000.0,,,0.0,,,,,,,,-1,,,R-(~b ss1),,,True
-1005323,500000.0,,,0.0,,,,,,,,0,,,R0(~b su1),,,True
-1005321,500000.0,,,0.0,,,,,,,,0,,,R0(~b su0),,,True
-1005313,500000.0,,,0.0,,,,,,,,-1,,,R-(~b sd1),,,True
-1005311,500000.0,,,0.0,,,,,,,,-1,,,R-(~b sd0),,,True
-1005223,500000.0,,,0.0,,,,,,,,1,,,R+(~b uu1),,,True
-1005213,500000.0,,,0.0,,,,,,,,0,,,R0(~b ud1),,,True
-1005211,500000.0,,,0.0,,,,,,,,0,,,R0(~b ud0),,,True
-1005113,500000.0,,,0.0,,,,,,,,-1,,,R-(~b dd1),,,True
-1000652,500000.0,,,0.0,,,,,,,,1,,,R+(~t bbar),,,True
-1000642,500000.0,,,0.0,,,,,,,,0,,,R0(~t cbar),,,True
-1000632,500000.0,,,0.0,,,,,,,,1,,,R+(~t sbar),,,True
-1000622,500000.0,,,0.0,,,,,,,,0,,,R0(~t ubar),,,True
-1000612,500000.0,,,0.0,,,,,,,,1,,,R+(~t dbar),,,True
-1000552,500000.0,,,0.0,,,,,,,,0,,,R0(~b bbar),,,True
-1000542,500000.0,,,0.0,,,,,,,,-1,,,R-(~b cbar),,,True
-1000532,500000.0,,,0.0,,,,,,,,0,,,R0(~b sbar),,,True
-1000522,500000.0,,,0.0,,,,,,,,-1,,,R-(~b ubar),,,True
-1000512,500000.0,,,0.0,,,,,,,,0,,,R0(~b dbar),,,True
-1000037,500000.0,,,1000.0,,,,,,,,1,,,~chi_2+,,,True
-1000024,500000.0,,,1000.0,,,,,,,,1,,,~chi_1+,,,True
-1000016,500000.0,,,1000.0,,,,,,,,0,,,~nu_tauL,,,True
-1000015,500000.0,,,1000.0,,,,,,,,-1,,,~tau_1-,,,True
-1000014,500000.0,,,1000.0,,,,,,,,0,,,~nu_muL,,,True
-1000013,500000.0,,,1000.0,,,,,,,,-1,,,~mu_L-,,,True
-1000012,500000.0,,,1000.0,,,,,,,,0,,,~nu_eL,,,True
-1000011,500000.0,,,1000.0,,,,,,,,-1,,,~e_L-,,,True
-1000006,500000.0,,,1000.0,,,,,,,,2/3,,,~t_1,,,True
-1000005,500000.0,,,1000.0,,,,,,,,-1/3,,,~b_1,,,True
-1000004,500000.0,,,1000.0,,,,,,,,2/3,,,~c_L,,,True
-1000003,500000.0,,,1000.0,,,,,,,,-1/3,,,~s_L,,,True
-1000002,500000.0,,,1000.0,,,,,,,,2/3,,,~u_L,,,True
-1000001,500000.0,,,1000.0,,,,,,,,-1/3,,,~d_L,,,True
-302138,2100.0,,,200.0,,,,,,,,0,,,Lambda(2100)0,,,True
-222224,1920.0,,,260.0,,,,,,,,2,,,Delta(1920)++,,,True
-222222,1900.0,,,300.0,,,,,,,,2,,,Delta(1910)++,,,True
-222214,1920.0,,,260.0,,,,,,,,1,,,Delta(1920)+,,,True
-222212,1900.0,,,300.0,,,,,,,,1,,,Delta(1910)+,,,True
-222114,1920.0,,,260.0,,,,,,,,0,,,Delta(1920)0,,,True
-222112,1900.0,,,300.0,,,,,,,,0,,,Delta(1910)0,,,True
-221114,1920.0,,,260.0,,,,,,,,-1,,,Delta(1920)-,,,True
-221112,1900.0,,,300.0,,,,,,,,-1,,,Delta(1910)-,,,True
-213124,1890.0,,,100.0,,,,,,,,0,,,Lambda(1890)0,,,True
-213122,1810.0,,,150.0,,,,,,,,0,,,Lambda(1810)0,,,True
-212226,1880.0,,,330.0,,,,,,,,2,,,Delta(1905)++,,,True
-212216,1880.0,,,330.0,,,,,,,,1,,,Delta(1905)+,,,True
-212214,1720.0,,,250.0,,,,,,,,1,,,p(1720)+,,,True
-212212,1710.0,,,100.0,,,,,,,,1,,,p(1710)+,,,True
-212116,1880.0,,,330.0,,,,,,,,0,,,Delta(1905)0,,,True
-212114,1720.0,,,250.0,,,,,,,,0,,,n(1720)0,,,True
-212112,1710.0,,,100.0,,,,,,,,0,,,n(1710)0,,,True
-211116,1880.0,,,330.0,,,,,,,,-1,,,Delta(1905)-,,,True
-203228,2029.9999999999998,,,180.0,,,,,,,,1,,,Sigma(2030)+,,,True
-203226,1915.0,,,120.0,,,,,,,,1,,,Sigma(1915)+,,,True
-203222,1660.0,,,100.0,,,,,,,,1,,,Sigma(1660)+,,,True
-203218,2029.9999999999998,,,180.0,,,,,,,,0,,,Sigma(2030)0,,,True
-203216,1915.0,,,120.0,,,,,,,,0,,,Sigma(1915)0,,,True
-203212,1660.0,,,100.0,,,,,,,,0,,,Sigma(1660)0,,,True
-203126,1820.0,,,80.0,,,,,,,,0,,,Lambda(1820)0,,,True
-203122,1600.0,,,150.0,,,,,,,,0,,,Lambda(1600)0,,,True
-203118,2029.9999999999998,,,180.0,,,,,,,,-1,,,Sigma(2030)-,,,True
-203116,1915.0,,,120.0,,,,,,,,-1,,,Sigma(1915)-,,,True
-203112,1660.0,,,100.0,,,,,,,,-1,,,Sigma(1660)-,,,True
-202228,1930.0,,,285.0,,,,,,,,2,,,Delta(1950)++,,,True
-202224,1600.0,,,320.0,,,,,,,,2,,,Delta(1600)++,,,True
-202218,1930.0,,,285.0,,,,,,,,1,,,Delta(1950)+,,,True
-202216,1685.0,,,120.0,,,,,,,,1,,,p(1680)+,,,True
-202214,1600.0,,,320.0,,,,,,,,1,,,Delta(1600)+,,,True
-202212,1440.0,,,350.0,,,,,,,,1,,,p(1440)+,,,True
-202118,1930.0,,,285.0,,,,,,,,0,,,Delta(1950)0,,,True
-202116,1685.0,,,120.0,,,,,,,,0,,,n(1680)0,,,True
-202114,1600.0,,,320.0,,,,,,,,0,,,Delta(1600)0,,,True
-202112,1440.0,,,350.0,,,,,,,,0,,,n(1440)0,,,True
-201118,1930.0,,,285.0,,,,,,,,-1,,,Delta(1950)-,,,True
-201114,1600.0,,,320.0,,,,,,,,-1,,,Delta(1600)-,,,True
-123122,1800.0,,,300.0,,,,,,,,0,,,Lambda(1800)0,,,True
-122224,1700.0,,,300.0,,,,,,,,2,,,Delta(1700)++,,,True
-122214,1700.0,,,300.0,,,,,,,,1,,,Delta(1700)+,,,True
-122212,1650.0,,,125.0,,,,,,,,1,,,p(1650)+,,,True
-122114,1700.0,,,300.0,,,,,,,,0,,,Delta(1700)0,,,True
-122112,1650.0,,,125.0,,,,,,,,0,,,n(1650)0,,,True
-121114,1700.0,,,300.0,,,,,,,,-1,,,Delta(1700)-,,,True
-113224,1940.0,,,220.0,,,,,,,,1,,,Sigma(1940)+,,,True
-113222,1750.0,,,90.0,,,,,,,,1,,,Sigma(1750)+,,,True
-113214,1940.0,,,220.0,,,,,,,,0,,,Sigma(1940)0,,,True
-113212,1750.0,,,90.0,,,,,,,,0,,,Sigma(1750)0,,,True
-113114,1940.0,,,220.0,,,,,,,,-1,,,Sigma(1940)-,,,True
-113112,1750.0,,,90.0,,,,,,,,-1,,,Sigma(1750)-,,,True
-112222,1630.0,,,140.0,,,,,,,,2,,,Delta(1620)++,,,True
-112214,1720.0,,,200.0,,,,,,,,1,,,p(1700)+,,,True
-112212,1630.0,,,140.0,,,,,,,,1,,,Delta(1620)+,,,True
-112114,1720.0,,,200.0,,,,,,,,0,,,n(1700)0,,,True
-112112,1630.0,,,140.0,,,,,,,,0,,,Delta(1620)0,,,True
-111112,1630.0,,,140.0,,,,,,,,-1,,,Delta(1620)-,,,True
-103324,1823.0,,,24.0,,,,,,,,0,,,Xi(1820)0,,,True
-103314,1823.0,,,24.0,,,,,,,,-1,,,Xi(1820)-,,,True
-103226,1775.0,,,120.0,,,,,,,,1,,,Sigma(1775)+,,,True
-103224,1670.0,,,60.0,,,,,,,,1,,,Sigma(1670)+,,,True
-103216,1775.0,,,120.0,,,,,,,,0,,,Sigma(1775)0,,,True
-103214,1670.0,,,60.0,,,,,,,,0,,,Sigma(1670)0,,,True
-103126,1830.0,,,95.0,,,,,,,,0,,,Lambda(1830)0,,,True
-103124,1690.0,,,60.0,,,,,,,,0,,,Lambda(1690)0,,,True
-103122,1670.0,,,35.0,,,,,,,,0,,,Lambda(1670)0,,,True
-103116,1775.0,,,120.0,,,,,,,,-1,,,Sigma(1775)-,,,True
-103114,1670.0,,,60.0,,,,,,,,-1,,,Sigma(1670)-,,,True
-102216,1675.0,,,150.0,,,,,,,,1,,,p(1675)+,,,True
-102214,1515.0,,,115.0,,,,,,,,1,,,p(1520)+,,,True
-102212,1530.0,,,150.0,,,,,,,,1,,,p(1535)+,,,True
-102134,1519.5,,,15.6,,,,,,,,0,,,Lambda(1520)0,,,True
-102132,1405.1,,,50.0,,,,,,,,0,,,Lambda(1405)0,,,True
-102116,1675.0,,,150.0,,,,,,,,0,,,n(1675)0,,,True
-102114,1515.0,,,115.0,,,,,,,,0,,,n(1520)0,,,True
-102112,1530.0,,,150.0,,,,,,,,0,,,n(1535)0,,,True
-20543,7300.0,,,50.0,,,,,,,,1,,,B*_1c+,,,True
-20533,6020.0,,,50.0,,,,,,,,0,,,B*_1s0,,,True
-20523,5780.0,,,50.0,,,,,,,,1,,,B*_1+,,,True
-20513,5780.0,,,50.0,,,,,,,,0,,,B*_10,,,True
-20413,2427.0,,,384.0,,,,,,,,1,,,D*_1+,,,True
-10543,7300.0,,,50.0,,,,,,,,1,,,B_1c+,,,True
-10541,7250.0,,,50.0,,,,,,,,1,,,B*_0c+,,,True
-10533,5829.0,,,50.0,,,,,,,,0,,,B_1s0,,,True
-10531,5920.0,,,50.0,,,,,,,,0,,,B*_0s0,,,True
-10523,5730.0,,,50.0,,,,,,,,1,,,B_1+,,,True
-10521,5680.0,,,50.0,,,,,,,,1,,,B*_0+,,,True
-10513,5730.0,,,50.0,,,,,,,,0,,,B_10,,,True
-10511,5680.0,,,50.0,,,,,,,,0,,,B*_00,,,True
-5554,15110.609999999999,,,0.0,,,,,,,,-1,,,Omega*_bbb-,,,True
-5544,11711.470000000001,,,0.0,,,,,,,,0,,,Omega*_bbc0,,,True
-5542,11707.67,,,0.0,,,,,,,,0,,,Omega_bbc0,,,True
-5534,10614.26,,,0.0,,,,,,,,-1,,,Omega*_bb-,,,True
-5532,10602.09,,,0.0,,,,,,,,-1,,,Omega_bb-,,,True
-5524,10441.44,,,0.0,,,,,,,,0,,,Xi*_bb0,,,True
-5522,10422.72,,,0.0,,,,,,,,0,,,Xi_bb0,,,True
-5514,10441.44,,,0.0,,,,,,,,-1,,,Xi*_bb-,,,True
-5512,10422.72,,,0.0,,,,,,,,-1,,,Xi_bb-,,,True
-5444,8313.25,,,0.0,,,,,,,,1,,,Omega*_bcc+,,,True
-5442,8309.45,,,0.0,,,,,,,,1,,,Omega_bcc+,,,True
-5434,7219.0,,,0.0,,,,,,,,0,,,Omega*_bc0,,,True
-5432,7211.01,,,0.0,,,,,,,,0,,,Omega'_bc0,,,True
-5424,7048.5,,,0.0,,,,,,,,1,,,Xi*_bc+,,,True
-5422,7037.24,,,0.0,,,,,,,,1,,,Xi'_bc+,,,True
-5414,7048.5,,,0.0,,,,,,,,0,,,Xi*_bc0,,,True
-5412,7037.24,,,0.0,,,,,,,,0,,,Xi'_bc0,,,True
-5342,7190.99,,,0.0,,,,,,,,0,,,Omega_bc0,,,True
-5334,6130.0,,,0.0,,,,,,,,-1,,,Omega*_b-,,,True
-5324,5970.0,,,0.0,,,,,,,,0,,,Xi*_b0,,,True
-5322,5960.0,,,0.0,,,,,,,,0,,,Xi'_b0,,,True
-5314,5970.0,,,0.0,,,,,,,,-1,,,Xi*_b-,,,True
-5312,5960.0,,,0.0,,,,,,,,-1,,,Xi'_b-,,,True
-5242,7005.75,,,0.0,,,,,,,,1,,,Xi_bc+,,,True
-5214,5810.0,,,0.0,,,,,,,,0,,,Sigma*_b0,,,True
-5212,5800.0,,,0.0,,,,,,,,0,,,Sigma_b0,,,True
-5142,7005.75,,,0.0,,,,,,,,0,,,Xi_bc0,,,True
-4444,4915.94,,,0.0,,,,,,,,2,,,Omega*_ccc++,,,True
-4434,3824.6600000000003,,,0.0,,,,,,,,1,,,Omega*_cc+,,,True
-4432,3786.63,,,0.0,,,,,,,,1,,,Omega_cc+,,,True
-4424,3656.48,,,0.0,,,,,,,,2,,,Xi*_cc++,,,True
-4422,3597.98,,,0.0,,,,,,,,2,,,Xi_cc++,,,True
-4414,3656.48,,,0.0,,,,,,,,1,,,Xi*_cc+,,,True
-4412,3597.98,,,0.0,,,,,,,,1,,,Xi_cc+,,,True
-4124,2628.1,,,0.0,,,,,,,,1,,,Lambda_c(2625)+,,,True
-545,7350.0,,,20.0,,,,,,,,1,,,B*_2c+,,,True
-543,6340.0,,,0.0,,,,,,,,1,,,B*_c+,,,True
-94,80385.0,,,2085.0,,,,,,,,1,,,W+copy,,,True
-83,0.0,,,0.0,,,,,,,,0,,,rndmflavg,,,True
-82,0.0,,,0.0,,,,,,,,0,,,rndmflavq,,,True
-60,100000.0,,,0.0,,,,,,,,0,,,DM?5,,,True
-59,100000.0,,,0.0,,,,,,,,2,,,DM++,,,True
-58,100000.0,,,0.0,,,,,,,,0,,,DM2,,,True
-57,100000.0,,,0.0,,,,,,,,1,,,DM+,,,True
-56,100000.0,,,0.0,,,,,,,,1,,,Sl (DM),,,True
-55,500000.0,,,100.0,,,,,,,,0,,,DMmed(s=1),,,True
-54,500000.0,,,100.0,,,,,,,,0,,,DMmed(s=0),,,True
-53,100000.0,,,0.0,,,,,,,,0,,,DM(s=1),,,True
-52,100000.0,,,0.0,,,,,,,,0,,,DM(s=1/2),,,True
-51,100000.0,,,0.0,,,,,,,,0,,,DM(s=0),,,True
-42,200000.0,,,391.62,,,,,,,,-1/3,,,LQ_ue,,,True
-41,5000000.0,,,417300.0,,,,,,,,0,,,R0,,,True
-37,300000.0,,,4176.69,,,,,,,,1,,,H+,,,True
-34,500000.0,,,16660.99,,,,,,,,1,,,W'+,,,True
-8,400000.0,,,0.0,,,,,,,,2/3,,,t',,,True
-7,400000.0,,,0.0,,,,,,,,-1/3,,,b',,,True
7,400000.0,,,0.0,,,,,,,,-1/3,,,b',,,True
8,400000.0,,,0.0,,,,,,,,2/3,,,t',,,True
32,500000.0,,,14540.29,,,,,,,,0,,,Z'0,,,True
33,900000.0,,,0.0,,,,,,,,0,,,Z''0,,,True
34,500000.0,,,16660.99,,,,,,,,1,,,W'+,,,True
35,300000.0,,,8388.42,,,,,,,,0,,,H0,,,True
36,300000.0,,,3375.2,,,,,,,,0,,,A0,,,True
37,300000.0,,,4176.69,,,,,,,,1,,,H+,,,True
39,0.0,,,0.0,,,,,,,,0,,,Graviton,,,True
40,0.0,,,0.0,,,,,,,,0,,,BlackHole,,,True
41,5000000.0,,,417300.0,,,,,,,,0,,,R0,,,True
42,200000.0,,,391.62,,,,,,,,-1/3,,,LQ_ue,,,True
45,500000.0,,,0.0,,,,,,,,0,,,H_3,,,True
46,500000.0,,,0.0,,,,,,,,0,,,A_2,,,True
51,100000.0,,,0.0,,,,,,,,0,,,DM(s=0),,,True
52,100000.0,,,0.0,,,,,,,,0,,,DM(s=1/2),,,True
53,100000.0,,,0.0,,,,,,,,0,,,DM(s=1),,,True
54,500000.0,,,100.0,,,,,,,,0,,,DMmed(s=0),,,True
55,500000.0,,,100.0,,,,,,,,0,,,DMmed(s=1),,,True
56,100000.0,,,0.0,,,,,,,,1,,,Sl (DM),,,True
57,100000.0,,,0.0,,,,,,,,1,,,DM+,,,True
58,100000.0,,,0.0,,,,,,,,0,,,DM2,,,True
59,100000.0,,,0.0,,,,,,,,2,,,DM++,,,True
60,100000.0,,,0.0,,,,,,,,0,,,DM?5,,,True
81,0.0,,,0.0,,,,,,,,0,,,specflav,,,True
82,0.0,,,0.0,,,,,,,,0,,,rndmflavq,,,True
83,0.0,,,0.0,,,,,,,,0,,,rndmflavg,,,True
90,0.0,,,0.0,,,,,,,,0,,,system,,,True
93,91187.6,,,2495.2000000000003,,,,,,,,0,,,Z0copy,,,True
94,80385.0,,,2085.0,,,,,,,,1,,,W+copy,,,True
110,0.0,,,0.0,,,,,,,,0,,,Reggeon,,,True
543,6340.0,,,0.0,,,,,,,,1,,,B*_c+,,,True
545,7350.0,,,20.0,,,,,,,,1,,,B*_2c+,,,True
551,9400.0,,,10.0,,,,,,,,0,,,eta_b,,,True
990,0.0,,,0.0,,,,,,,,0,,,Pomeron,,,True
4124,2628.1,,,0.0,,,,,,,,1,,,Lambda_c(2625)+,,,True
4412,3597.98,,,0.0,,,,,,,,1,,,Xi_cc+,,,True
4414,3656.48,,,0.0,,,,,,,,1,,,Xi*_cc+,,,True
4422,3597.98,,,0.0,,,,,,,,2,,,Xi_cc++,,,True
4424,3656.48,,,0.0,,,,,,,,2,,,Xi*_cc++,,,True
4432,3786.63,,,0.0,,,,,,,,1,,,Omega_cc+,,,True
4434,3824.6600000000003,,,0.0,,,,,,,,1,,,Omega*_cc+,,,True
4444,4915.94,,,0.0,,,,,,,,2,,,Omega*_ccc++,,,True
5142,7005.75,,,0.0,,,,,,,,0,,,Xi_bc0,,,True
5212,5800.0,,,0.0,,,,,,,,0,,,Sigma_b0,,,True
5214,5810.0,,,0.0,,,,,,,,0,,,Sigma*_b0,,,True
5242,7005.75,,,0.0,,,,,,,,1,,,Xi_bc+,,,True
5312,5960.0,,,0.0,,,,,,,,-1,,,Xi'_b-,,,True
5314,5970.0,,,0.0,,,,,,,,-1,,,Xi*_b-,,,True
5322,5960.0,,,0.0,,,,,,,,0,,,Xi'_b0,,,True
5324,5970.0,,,0.0,,,,,,,,0,,,Xi*_b0,,,True
5334,6130.0,,,0.0,,,,,,,,-1,,,Omega*_b-,,,True
5342,7190.99,,,0.0,,,,,,,,0,,,Omega_bc0,,,True
5412,7037.24,,,0.0,,,,,,,,0,,,Xi'_bc0,,,True
5414,7048.5,,,0.0,,,,,,,,0,,,Xi*_bc0,,,True
5422,7037.24,,,0.0,,,,,,,,1,,,Xi'_bc+,,,True
5424,7048.5,,,0.0,,,,,,,,1,,,Xi*_bc+,,,True
5432,7211.01,,,0.0,,,,,,,,0,,,Omega'_bc0,,,True
5434,7219.0,,,0.0,,,,,,,,0,,,Omega*_bc0,,,True
5442,8309.45,,,0.0,,,,,,,,1,,,Omega_bcc+,,,True
5444,8313.25,,,0.0,,,,,,,,1,,,Omega*_bcc+,,,True
5512,10422.72,,,0.0,,,,,,,,-1,,,Xi_bb-,,,True
5514,10441.44,,,0.0,,,,,,,,-1,,,Xi*_bb-,,,True
5522,10422.72,,,0.0,,,,,,,,0,,,Xi_bb0,,,True
5524,10441.44,,,0.0,,,,,,,,0,,,Xi*_bb0,,,True
5532,10602.09,,,0.0,,,,,,,,-1,,,Omega_bb-,,,True
5534,10614.26,,,0.0,,,,,,,,-1,,,Omega*_bb-,,,True
5542,11707.67,,,0.0,,,,,,,,0,,,Omega_bbc0,,,True
5544,11711.470000000001,,,0.0,,,,,,,,0,,,Omega*_bbc0,,,True
5554,15110.609999999999,,,0.0,,,,,,,,-1,,,Omega*_bbb-,,,True
10511,5680.0,,,50.0,,,,,,,,0,,,B*_00,,,True
10513,5730.0,,,50.0,,,,,,,,0,,,B_10,,,True
10521,5680.0,,,50.0,,,,,,,,1,,,B*_0+,,,True
10523,5730.0,,,50.0,,,,,,,,1,,,B_1+,,,True
10531,5920.0,,,50.0,,,,,,,,0,,,B*_0s0,,,True
10533,5829.0,,,50.0,,,,,,,,0,,,B_1s0,,,True
10541,7250.0,,,50.0,,,,,,,,1,,,B*_0c+,,,True
10543,7300.0,,,50.0,,,,,,,,1,,,B_1c+,,,True
20413,2427.0,,,384.0,,,,,,,,1,,,D*_1+,,,True
20513,5780.0,,,50.0,,,,,,,,0,,,B*_10,,,True
20523,5780.0,,,50.0,,,,,,,,1,,,B*_1+,,,True
20533,6020.0,,,50.0,,,,,,,,0,,,B*_1s0,,,True
20543,7300.0,,,50.0,,,,,,,,1,,,B*_1c+,,,True
100223,1425.0,,,215.0,,,,,,,,0,,,omega(1420),,,True
102112,1530.0,,,150.0,,,,,,,,0,,,n(1535)0,,,True
102114,1515.0,,,115.0,,,,,,,,0,,,n(1520)0,,,True
102116,1675.0,,,150.0,,,,,,,,0,,,n(1675)0,,,True
102132,1405.1,,,50.0,,,,,,,,0,,,Lambda(1405)0,,,True
102134,1519.5,,,15.6,,,,,,,,0,,,Lambda(1520)0,,,True
102212,1530.0,,,150.0,,,,,,,,1,,,p(1535)+,,,True
102214,1515.0,,,115.0,,,,,,,,1,,,p(1520)+,,,True
102216,1675.0,,,150.0,,,,,,,,1,,,p(1675)+,,,True
103114,1670.0,,,60.0,,,,,,,,-1,,,Sigma(1670)-,,,True
103116,1775.0,,,120.0,,,,,,,,-1,,,Sigma(1775)-,,,True
103122,1670.0,,,35.0,,,,,,,,0,,,Lambda(1670)0,,,True
103124,1690.0,,,60.0,,,,,,,,0,,,Lambda(1690)0,,,True
103126,1830.0,,,95.0,,,,,,,,0,,,Lambda(1830)0,,,True
103214,1670.0,,,60.0,,,,,,,,0,,,Sigma(1670)0,,,True
103216,1775.0,,,120.0,,,,,,,,0,,,Sigma(1775)0,,,True
103224,1670.0,,,60.0,,,,,,,,1,,,Sigma(1670)+,,,True
103226,1775.0,,,120.0,,,,,,,,1,,,Sigma(1775)+,,,True
103314,1823.0,,,24.0,,,,,,,,-1,,,Xi(1820)-,,,True
103324,1823.0,,,24.0,,,,,,,,0,,,Xi(1820)0,,,True
111112,1630.0,,,140.0,,,,,,,,-1,,,Delta(1620)-,,,True
112112,1630.0,,,140.0,,,,,,,,0,,,Delta(1620)0,,,True
112114,1720.0,,,200.0,,,,,,,,0,,,n(1700)0,,,True
112212,1630.0,,,140.0,,,,,,,,1,,,Delta(1620)+,,,True
112214,1720.0,,,200.0,,,,,,,,1,,,p(1700)+,,,True
112222,1630.0,,,140.0,,,,,,,,2,,,Delta(1620)++,,,True
113112,1750.0,,,90.0,,,,,,,,-1,,,Sigma(1750)-,,,True
113114,1940.0,,,220.0,,,,,,,,-1,,,Sigma(1940)-,,,True
113212,1750.0,,,90.0,,,,,,,,0,,,Sigma(1750)0,,,True
113214,1940.0,,,220.0,,,,,,,,0,,,Sigma(1940)0,,,True
113222,1750.0,,,90.0,,,,,,,,1,,,Sigma(1750)+,,,True
113224,1940.0,,,220.0,,,,,,,,1,,,Sigma(1940)+,,,True
121114,1700.0,,,300.0,,,,,,,,-1,,,Delta(1700)-,,,True
122112,1650.0,,,125.0,,,,,,,,0,,,n(1650)0,,,True
122114,1700.0,,,300.0,,,,,,,,0,,,Delta(1700)0,,,True
122212,1650.0,,,125.0,,,,,,,,1,,,p(1650)+,,,True
122214,1700.0,,,300.0,,,,,,,,1,,,Delta(1700)+,,,True
122224,1700.0,,,300.0,,,,,,,,2,,,Delta(1700)++,,,True
123122,1800.0,,,300.0,,,,,,,,0,,,Lambda(1800)0,,,True
201114,1600.0,,,320.0,,,,,,,,-1,,,Delta(1600)-,,,True
201118,1930.0,,,285.0,,,,,,,,-1,,,Delta(1950)-,,,True
202112,1440.0,,,350.0,,,,,,,,0,,,n(1440)0,,,True
202114,1600.0,,,320.0,,,,,,,,0,,,Delta(1600)0,,,True
202116,1685.0,,,120.0,,,,,,,,0,,,n(1680)0,,,True
202118,1930.0,,,285.0,,,,,,,,0,,,Delta(1950)0,,,True
202212,1440.0,,,350.0,,,,,,,,1,,,p(1440)+,,,True
202214,1600.0,,,320.0,,,,,,,,1,,,Delta(1600)+,,,True
202216,1685.0,,,120.0,,,,,,,,1,,,p(1680)+,,,True
202218,1930.0,,,285.0,,,,,,,,1,,,Delta(1950)+,,,True
202224,1600.0,,,320.0,,,,,,,,2,,,Delta(1600)++,,,True
202228,1930.0,,,285.0,,,,,,,,2,,,Delta(1950)++,,,True
203112,1660.0,,,100.0,,,,,,,,-1,,,Sigma(1660)-,,,True
203116,1915.0,,,120.0,,,,,,,,-1,,,Sigma(1915)-,,,True
203118,2029.9999999999998,,,180.0,,,,,,,,-1,,,Sigma(2030)-,,,True
203122,1600.0,,,150.0,,,,,,,,0,,,Lambda(1600)0,,,True
203126,1820.0,,,80.0,,,,,,,,0,,,Lambda(1820)0,,,True
203212,1660.0,,,100.0,,,,,,,,0,,,Sigma(1660)0,,,True
203216,1915.0,,,120.0,,,,,,,,0,,,Sigma(1915)0,,,True
203218,2029.9999999999998,,,180.0,,,,,,,,0,,,Sigma(2030)0,,,True
203222,1660.0,,,100.0,,,,,,,,1,,,Sigma(1660)+,,,True
203226,1915.0,,,120.0,,,,,,,,1,,,Sigma(1915)+,,,True
203228,2029.9999999999998,,,180.0,,,,,,,,1,,,Sigma(2030)+,,,True
211116,1880.0,,,330.0,,,,,,,,-1,,,Delta(1905)-,,,True
212112,1710.0,,,100.0,,,,,,,,0,,,n(1710)0,,,True
212114,1720.0,,,250.0,,,,,,,,0,,,n(1720)0,,,True
212116,1880.0,,,330.0,,,,,,,,0,,,Delta(1905)0,,,True
212212,1710.0,,,100.0,,,,,,,,1,,,p(1710)+,,,True
212214,1720.0,,,250.0,,,,,,,,1,,,p(1720)+,,,True
212216,1880.0,,,330.0,,,,,,,,1,,,Delta(1905)+,,,True
212226,1880.0,,,330.0,,,,,,,,2,,,Delta(1905)++,,,True
213122,1810.0,,,150.0,,,,,,,,0,,,Lambda(1810)0,,,True
213124,1890.0,,,100.0,,,,,,,,0,,,Lambda(1890)0,,,True
221112,1900.0,,,300.0,,,,,,,,-1,,,Delta(1910)-,,,True
221114,1920.0,,,260.0,,,,,,,,-1,,,Delta(1920)-,,,True
222112,1900.0,,,300.0,,,,,,,,0,,,Delta(1910)0,,,True
222114,1920.0,,,260.0,,,,,,,,0,,,Delta(1920)0,,,True
222212,1900.0,,,300.0,,,,,,,,1,,,Delta(1910)+,,,True
222214,1920.0,,,260.0,,,,,,,,1,,,Delta(1920)+,,,True
222222,1900.0,,,300.0,,,,,,,,2,,,Delta(1910)++,,,True
222224,1920.0,,,260.0,,,,,,,,2,,,Delta(1920)++,,,True
302138,2100.0,,,200.0,,,,,,,,0,,,Lambda(2100)0,,,True
1000001,500000.0,,,1000.0,,,,,,,,-1/3,,,~d_L,,,True
1000002,500000.0,,,1000.0,,,,,,,,2/3,,,~u_L,,,True
1000003,500000.0,,,1000.0,,,,,,,,-1/3,,,~s_L,,,True
1000004,500000.0,,,1000.0,,,,,,,,2/3,,,~c_L,,,True
1000005,500000.0,,,1000.0,,,,,,,,-1/3,,,~b_1,,,True
1000006,500000.0,,,1000.0,,,,,,,,2/3,,,~t_1,,,True
1000011,500000.0,,,1000.0,,,,,,,,-1,,,~e_L-,,,True
1000012,500000.0,,,1000.0,,,,,,,,0,,,~nu_eL,,,True
1000013,500000.0,,,1000.0,,,,,,,,-1,,,~mu_L-,,,True
1000014,500000.0,,,1000.0,,,,,,,,0,,,~nu_muL,,,True
1000015,500000.0,,,1000.0,,,,,,,,-1,,,~tau_1-,,,True
1000016,500000.0,,,1000.0,,,,,,,,0,,,~nu_tauL,,,True
1000021,500000.0,,,1000.0,,,,,,,,0,,,~g,,,True
1000022,500000.0,,,1000.0,,,,,,,,0,,,~chi_10,,,True
1000023,500000.0,,,1000.0,,,,,,,,0,,,~chi_20,,,True
1000024,500000.0,,,1000.0,,,,,,,,1,,,~chi_1+,,,True
1000025,500000.0,,,1000.0,,,,,,,,0,,,~chi_30,,,True
1000035,500000.0,,,1000.0,,,,,,,,0,,,~chi_40,,,True
1000037,500000.0,,,1000.0,,,,,,,,1,,,~chi_2+,,,True
1000039,1.0,,,0.0,,,,,,,,0,,,~Gravitino,,,True
1000045,500000.0,,,0.0,,,,,,,,0,,,~chi_50,,,True
1000512,500000.0,,,0.0,,,,,,,,0,,,R0(~b dbar),,,True
1000522,500000.0,,,0.0,,,,,,,,-1,,,R-(~b ubar),,,True
1000532,500000.0,,,0.0,,,,,,,,0,,,R0(~b sbar),,,True
1000542,500000.0,,,0.0,,,,,,,,-1,,,R-(~b cbar),,,True
1000552,500000.0,,,0.0,,,,,,,,0,,,R0(~b bbar),,,True
1000612,500000.0,,,0.0,,,,,,,,1,,,R+(~t dbar),,,True
1000622,500000.0,,,0.0,,,,,,,,0,,,R0(~t ubar),,,True
1000632,500000.0,,,0.0,,,,,,,,1,,,R+(~t sbar),,,True
1000642,500000.0,,,0.0,,,,,,,,0,,,R0(~t cbar),,,True
1000652,500000.0,,,0.0,,,,,,,,1,,,R+(~t bbar),,,True
1000993,500000.0,,,0.0,,,,,,,,0,,,R0(~g g),,,True
1005113,500000.0,,,0.0,,,,,,,,-1,,,R-(~b dd1),,,True
1005211,500000.0,,,0.0,,,,,,,,0,,,R0(~b ud0),,,True
1005213,500000.0,,,0.0,,,,,,,,0,,,R0(~b ud1),,,True
1005223,500000.0,,,0.0,,,,,,,,1,,,R+(~b uu1),,,True
1005311,500000.0,,,0.0,,,,,,,,-1,,,R-(~b sd0),,,True
1005313,500000.0,,,0.0,,,,,,,,-1,,,R-(~b sd1),,,True
1005321,500000.0,,,0.0,,,,,,,,0,,,R0(~b su0),,,True
1005323,500000.0,,,0.0,,,,,,,,0,,,R0(~b su1),,,True
1005333,500000.0,,,0.0,,,,,,,,-1,,,R-(~b ss1),,,True
1006113,500000.0,,,0.0,,,,,,,,0,,,R0(~t dd1),,,True
1006211,500000.0,,,0.0,,,,,,,,1,,,R+(~t ud0),,,True
1006213,500000.0,,,0.0,,,,,,,,1,,,R+(~t ud1),,,True
1006223,500000.0,,,0.0,,,,,,,,2,,,R++(~t uu1),,,True
1006311,500000.0,,,0.0,,,,,,,,0,,,R-(~t sd0),,,True
1006313,500000.0,,,0.0,,,,,,,,0,,,R-(~t sd1),,,True
1006321,500000.0,,,0.0,,,,,,,,1,,,R0(~t su0),,,True
1006323,500000.0,,,0.0,,,,,,,,1,,,R0(~t su1),,,True
1006333,500000.0,,,0.0,,,,,,,,0,,,R0(~t ss1),,,True
1009002,500000.0,,,0.0,,,,,,,,0,,,Rtemp(~g q),,,True
1009113,500000.0,,,0.0,,,,,,,,0,,,R0(~g d dbar),,,True
1009213,500000.0,,,0.0,,,,,,,,1,,,R+(~g u dbar),,,True
1009223,500000.0,,,0.0,,,,,,,,0,,,R0(~g u ubar),,,True
1009313,500000.0,,,0.0,,,,,,,,0,,,R0(~g d sbar),,,True
1009323,500000.0,,,0.0,,,,,,,,1,,,R+(~g u sbar),,,True
1009333,500000.0,,,0.0,,,,,,,,0,,,R0(~g s sbar),,,True
1009413,500000.0,,,0.0,,,,,,,,1,,,R+(~g c dbar),,,True
1009423,500000.0,,,0.0,,,,,,,,0,,,R0(~g c ubar),,,True
1009433,500000.0,,,0.0,,,,,,,,1,,,R+(~g c sbar),,,True
1009443,500000.0,,,0.0,,,,,,,,0,,,R0(~g c cbar),,,True
1009513,500000.0,,,0.0,,,,,,,,0,,,R0(~g d bbar),,,True
1009523,500000.0,,,0.0,,,,,,,,1,,,R+(~g u bbar),,,True
1009533,500000.0,,,0.0,,,,,,,,0,,,R0(~g s bbar),,,True
1009543,500000.0,,,0.0,,,,,,,,1,,,R+(~g c bbar),,,True
1009553,500000.0,,,0.0,,,,,,,,0,,,R0(~g b bbar),,,True
1091114,500000.0,,,0.0,,,,,,,,-1,,,R-(~g ddd),,,True
1092114,500000.0,,,0.0,,,,,,,,0,,,R0(~g udd),,,True
1092214,500000.0,,,0.0,,,,,,,,1,,,R+(~g uud),,,True
1092224,500000.0,,,0.0,,,,,,,,2,,,R++(~g uuu),,,True
1093114,500000.0,,,0.0,,,,,,,,-1,,,R-(~g sdd),,,True
1093214,500000.0,,,0.0,,,,,,,,0,,,R0(~g sud),,,True
1093224,500000.0,,,0.0,,,,,,,,1,,,R+(~g suu),,,True
1093314,500000.0,,,0.0,,,,,,,,-1,,,R-(~g ssd),,,True
1093324,500000.0,,,0.0,,,,,,,,0,,,R0(~g ssu),,,True
1093334,500000.0,,,0.0,,,,,,,,-1,,,R-(~g sss),,,True
1094114,500000.0,,,0.0,,,,,,,,0,,,R0(~g cdd),,,True
1094214,500000.0,,,0.0,,,,,,,,1,,,R+(~g cud),,,True
1094224,500000.0,,,0.0,,,,,,,,2,,,R++(~g cuu),,,True
1094314,500000.0,,,0.0,,,,,,,,0,,,R0(~g csd),,,True
1094324,500000.0,,,0.0,,,,,,,,1,,,R+(~g csu),,,True
1094334,500000.0,,,0.0,,,,,,,,0,,,R0(~g css),,,True
1095114,500000.0,,,0.0,,,,,,,,-1,,,R-(~g bdd),,,True
1095214,500000.0,,,0.0,,,,,,,,0,,,R0(~g bud),,,True
1095224,500000.0,,,0.0,,,,,,,,1,,,R+(~g buu),,,True
1095314,500000.0,,,0.0,,,,,,,,-1,,,R-(~g bsd),,,True
1095324,500000.0,,,0.0,,,,,,,,0,,,R0(~g bsu),,,True
1095334,500000.0,,,0.0,,,,,,,,-1,,,R-(~g bss),,,True
2000001,500000.0,,,1000.0,,,,,,,,-1/3,,,~d_R,,,True
2000002,500000.0,,,1000.0,,,,,,,,2/3,,,~u_R,,,True
2000003,500000.0,,,1000.0,,,,,,,,-1/3,,,~s_R,,,True
2000004,500000.0,,,1000.0,,,,,,,,2/3,,,~c_R,,,True
2000005,500000.0,,,1000.0,,,,,,,,-1/3,,,~b_2,,,True
2000006,500000.0,,,1000.0,,,,,,,,2/3,,,~t_2,,,True
2000011,500000.0,,,1000.0,,,,,,,,-1,,,~e_R-,,,True
2000012,500000.0,,,0.0,,,,,,,,0,,,~nu_eR,,,True
2000013,500000.0,,,1000.0,,,,,,,,-1,,,~mu_R-,,,True
2000014,500000.0,,,0.0,,,,,,,,0,,,~nu_muR,,,True
2000015,500000.0,,,1000.0,,,,,,,,-1,,,~tau_2-,,,True
2000016,500000.0,,,0.0,,,,,,,,0,,,~nu_tauR,,,True
3000111,110000.0,,,29.11,,,,,,,,0,,,pi_tc0,,,True
3000113,210000.0,,,868.6,,,,,,,,0,,,rho_tc0,,,True
3000211,110000.0,,,17.41,,,,,,,,1,,,pi_tc+,,,True
3000213,210000.0,,,623.95,,,,,,,,1,,,rho_tc+,,,True
3000221,110000.0,,,45.36,,,,,,,,0,,,pi'_tc0,,,True
3000223,210000.0,,,191.92000000000002,,,,,,,,0,,,omega_tc,,,True
3000331,350000.0,,,95.11,,,,,,,,0,,,eta_tc0,,,True
3100021,500000.0,,,123276.38,,,,,,,,0,,,V8_tc,,,True
3100111,125000.0,,,22.96,,,,,,,,0,,,pi_22_1_tc,,,True
3100113,400000.0,,,23268.190000000002,,,,,,,,0,,,rho_11_tc,,,True
3200111,250000.0,,,188.86,,,,,,,,0,,,pi_22_8_tc,,,True
3200113,350000.0,,,2863.06,,,,,,,,0,,,rho_12_tc,,,True
3300113,350000.0,,,0.0,,,,,,,,0,,,rho_21_tc,,,True
3400113,300000.0,,,3459.0299999999997,,,,,,,,0,,,rho_22_tc,,,True
4000001,400000.0,,,2593.5899999999997,,,,,,,,-1/3,,,d*,,,True
4000002,400000.0,,,2596.87,,,,,,,,2/3,,,u*,,,True
4000003,400000.0,,,2593.5899999999997,,,,,,,,-1/3,,,s*,,,True
4000004,400000.0,,,2596.87,,,,,,,,2/3,,,c*,,,True
4000005,400000.0,,,2593.5899999999997,,,,,,,,-1/3,,,b*,,,True
4000006,400000.0,,,2596.87,,,,,,,,2/3,,,t*,,,True
4000011,400000.0,,,428.96000000000004,,,,,,,,-1,,,e*-,,,True
4000012,400000.0,,,419.12,,,,,,,,0,,,nu*_e0,,,True
4000013,400000.0,,,428.96000000000004,,,,,,,,-1,,,mu*-,,,True
4000014,400000.0,,,419.12,,,,,,,,0,,,nu*_mu0,,,True
4000015,400000.0,,,428.96000000000004,,,,,,,,-1,,,tau*-,,,True
4000016,400000.0,,,419.12,,,,,,,,0,,,nu*_tau0,,,True
4900001,400000.0,,,1000.0,,,,,,,,-1/3,,,Dv,,,True
4900002,400000.0,,,1000.0,,,,,,,,2/3,,,Uv,,,True
4900003,400000.0,,,1000.0,,,,,,,,-1/3,,,Sv,,,True
4900004,400000.0,,,1000.0,,,,,,,,2/3,,,Cv,,,True
4900005,400000.0,,,1000.0,,,,,,,,-1/3,,,Bv,,,True
4900006,400000.0,,,1000.0,,,,,,,,2/3,,,Tv,,,True
4900011,400000.0,,,1000.0,,,,,,,,-1,,,Ev,,,True
4900012,400000.0,,,1000.0,,,,,,,,0,,,nuEv,,,True
4900013,400000.0,,,1000.0,,,,,,,,-1,,,MUv,,,True
4900014,400000.0,,,1000.0,,,,,,,,0,,,nuMUv,,,True
4900015,400000.0,,,1000.0,,,,,,,,-1,,,TAUv,,,True
4900016,400000.0,,,1000.0,,,,,,,,0,,,nuTAUv,,,True
4900021,0.0,,,0.0,,,,,,,,0,,,gv,,,True
4900022,0.0,,,0.0,,,,,,,,0,,,gammav,,,True
4900023,1000000.0,,,20000.0,,,,,,,,0,,,Zv,,,True
4900101,100000.0,,,0.0,,,,,,,,0,,,qv,,,True
4900111,10000.0,,,0.0,,,,,,,,0,,,pivDiag,,,True
4900113,10000.0,,,0.0,,,,,,,,0,,,rhovDiag,,,True
4900211,10000.0,,,0.0,,,,,,,,0,,,pivUp,,,True
4900213,10000.0,,,0.0,,,,,,,,0,,,rhovUp,,,True
4900991,1000.0,,,0.0,,,,,,,,0,,,ggv,,,True
5000023,4000000.0,,,240000.0,,,,,,,,0,,,Z_KK,,,True
5000039,0.0,,,0.0,,,,,,,,0,,,Graviton,,,True
5100021,1000000.0,,,170000.0,,,,,,,,0,,,KKgluon*,,,True
5100039,1000000.0,,,141.5,,,,,,,,0,,,Graviton*,,,True
9900012,500000.0,,,0.98,,,,,,,,0,,,nu_Re,,,True
9900014,500000.0,,,0.98,,,,,,,,0,,,nu_Rmu,,,True
9900016,500000.0,,,0.9700000000000001,,,,,,,,0,,,nu_Rtau,,,True
9900020,0.0,,,0.0,,,,,,,,0,,,gam_diff0,,,True
9900023,1200000.0,,,26720.0,,,,,,,,0,,,Z_R0,,,True
9900024,750000.0,,,21749.16,,,,,,,,1,,,W_R+,,,True
9900041,200000.0,,,881.59,,,,,,,,2,,,H_L++,,,True
9900042,200000.0,,,880.01,,,,,,,,2,,,H_R++,,,True
9900110,0.0,,,0.0,,,,,,,,0,,,rho_diff0,,,True
9900210,0.0,,,0.0,,,,,,,,1,,,pi_diffr+,,,True
9900220,0.0,,,0.0,,,,,,,,0,,,omega_di,,,True
9900330,0.0,,,0.0,,,,,,,,0,,,phi_diff,,,True
9900440,0.0,,,0.0,,,,,,,,0,,,J/psi_di,,,True
9902110,0.0,,,0.0,,,,,,,,0,,,n_diffr0,,,True
9902210,0.0,,,0.0,,,,,,,,1,,,p_diffr+,,,True
9940003,3296.92,,,0.0,,,,,,,,0,,,J/psi[3S1(8)],,,True
9940005,3756.2000000000003,,,0.0,,,,,,,,0,,,chi_2c[3S1(8)],,,True
9940011,3614.75,,,0.0,,,,,,,,0,,,chi_0c[3S1(8)],,,True
9940023,3710.66,,,0.0,,,,,,,,0,,,chi_1c[3S1(8)],,,True
9940103,3886.11,,,0.0,,,,,,,,0,,,psi(2S)[3S1(8)],,,True
9941003,3296.92,,,0.0,,,,,,,,0,,,J/psi[1S0(8)],,,True
9941103,3886.11,,,0.0,,,,,,,,0,,,psi(2S)[1S0(8)],,,True
9942003,3296.92,,,0.0,,,,,,,,0,,,J/psi[3PJ(8)],,,True
9942033,3973.15,,,0.0,,,,,,,,0,,,psi(3770)[3PJ(8)],,,True
9942103,3886.11,,,0.0,,,,,,,,0,,,psi(2S)[3PJ(8)],,,True
9950003,9660.3,,,0.0,,,,,,,,0,,,Upsilon[3S1(8)],,,True
9950005,10112.199999999999,,,0.0,,,,,,,,0,,,chi_2b[3S1(8)],,,True
9950011,10059.4,,,0.0,,,,,,,,0,,,chi_0b[3S1(8)],,,True
9950023,10092.800000000001,,,0.0,,,,,,,,0,,,chi_1b[3S1(8)],,,True
9950103,10223.26,,,0.0,,,,,,,,0,,,Upsilon(2S)[3S1(8)],,,True
9950203,10555.199999999999,,,0.0,,,,,,,,0,,,Upsilon(3S)[3S1(8)],,,True
9951003,9660.3,,,0.0,,,,,,,,0,,,Upsilon[1S0(8)],,,True
9951103,10223.26,,,0.0,,,,,,,,0,,,Upsilon(2S)[1S0(8)],,,True
9951203,10555.199999999999,,,0.0,,,,,,,,0,,,Upsilon(3S)[1S0(8)],,,True
9952003,9660.3,,,0.0,,,,,,,,0,,,Upsilon[3PJ(8)],,,True
9952103,10223.26,,,0.0,,,,,,,,0,,,Upsilon(2S)[3PJ(8)],,,True
9952203,10555.199999999999,,,0.0,,,,,,,,0,,,Upsilon(3S)[3PJ(8)],,,True
1000010020,1876.0,,,0.0,,,,,,,,1,,,2H,,,True
1000020040,3728.4,,,0.0,,,,,,,,2,,,4He,,,True
1000030060,5603.051200000001,,,0.0,,,,,,,,3,,,6Li,,,True
1000060120,11177.929,,,0.0,,,,,,,,6,,,12C,,,True
1000080160,14899.168,,,0.0,,,,,,,,8,,,16O,,,True
1000290630,58618.646,,,0.0,,,,,,,,29,,,63Cu,,,True
1000541290,120046.45,,,0.0,,,,,,,,54,,,129Xe,,,True
1000791970,183473.19,,,0.0,,,,,,,,79,,,197Au,,,True
1000822080,193729.02,,,0.0,,,,,,,,82,,,208Pb,,,True
